﻿<?xml version="1.0" encoding="utf-8" ?>
<data>
  <gioithieu>
    <document title="Lời giới thiệu">
           Kính gửi : Quý khách hàng - Đối tác trong và ngoài nước
      Công ty Viễn Nam trước hết chúc quý công ty đạt được những thắng lợi và phát triển bền vững với một tập thể vững mạnh. Chúng tôi rất lấy làm vinh dự khi giới thiệu Viễn Nam đến quý khách hàng và hân hoan nhận được sự hợp tác về lĩnh vực CNTT.
      Viễn Nam chúng tôi với đội ngũ kỹ sư trẻ, năng động và sáng tạo đã xây dựng và triển khai các sản phẩm : Cổng Điện Tử (ePortal), ERP (Ves), Thiết kế và phát triển website, phần mềm ứng dụng (Kế toán BAS, quản lý kinh doanh SMS...) tại các công ty trong và ngoài nước.

           Với những gì chúng tôi đạt được trong thời gian trên, đội ngũ nhân viên Viễn Nam không ngừng nổ lực và phấn đấu hơn nữa để đưa ra thị trường những sản phẩm mới mang tính thực tiễn, ứng dụng cao và ngày càng có nhiều khách hàng quan tâm đến sản phẩm của Viễn Nam, bên cạnh đó chúng tôi chú trọng đến sự hợp tác từ các đối tác trong và ngoài nước đó cũng chính là một phần quan trọng trong sự phát triển bền vững của Viễn Nam.
      Viễn Nam chúng tôi mong muốn nhận được sự hợp tác từ quý khách hàng cũng như các đối tác và chúng tôi sẵn sàng bàn bạc thảo luận khi quý vị có yêu cầu.
      Trong sự hợp tác và phát triển
      BGĐ Cty Phần mềm Viễn Nam
    </document>
  </gioithieu>
  <sanpham></sanpham>
  <thuvien></thuvien>
  <tintuc>
    <document title="Thủy Hử Truyền Kỳ – bản ‘anh hùng ca’ Lương Sơn Bạc">
      <image>thuy-hu.jpg</image>
      <p>
        Trò chơi được sinh ra để viết tiếp câu chuyện còn dang dở của nguyên tácThủy Hửtừ tác giả Thi Nại Am.
        Thủy Hử Truyền Kỳ(tên gốc:Thủy Hử Vô Song) là MMORPG 2,5D do hãng Wushen (Trung Quốc) sản xuất và cho ra mắt vào đầu năm 2011. Diễn biến trò chơi bắt đầu từ thời vua Triết Tông. Cao Cầu, con trai của một nhà tư bản đã phá sản, nhờ khả năng đá bóng rất tốt nên đã quen với Đoan Vương Triệu Cát. Sau này, khi Triệu Cát trở thành hoàng đế (Tống Huy Tông) đã cất nhắc Cao Cầu thành Thái úy.
        Sau khi làm quan, Cao Cầu đã câu kết với các gian thần Sái Kinh, Dương Tiễn, Đồng Quán để ức hiếp dân lành. Chỉ trong thời gian ngắn, dân lành đã bị bóc lột nặng nề với luật thuế khắc nghiệt. Vô số cuộc khởi nghĩa đã nổ ra khắp nơi.

        Hình ảnh các anh hùng Lương Sơn sẽ được tái hiện trongThủy Hử Truyền Kỳ.
        Trong số này, thế lực mạnh nhất là quân khởi nghĩa ở Lương Sơn với đại diện là 108 vị anh hùng. Sau này, họ đã nhận được lệnh ân xá triệu tập của triều đình. Họ không chỉ thay Bắc Tống đánh bại Liêu quân mà còn ổn định Hoài Tây, Hoài Bắc và Giang Nam. Tuy nhiên cuối cùng, các anh hùng đã bị triều đình hãm hại, trận khởi nghĩa nông dân kết thúc trong bi kịch.
        Thủy Hử Truyền Kỳđược tiết lộ sẽ viết tiếp cốt truyện còn dang dở của nguyên tácThủy Hửtừ tác giả Thi Nại Am. Người chơi sẽ vào vai vị anh hùng thứ 109, để hành trình đến Bắc Tống. Trên đường đi, nhân vật sẽ vô tình quen với những gương mặt nổi tiếng trongThủy Hửnhư Lý Quỳ, Yến Thanh, Lỗ Trí Thâm… Có 5 lớp nhân vật để người chơi lựa chọn là Assassin, Tanker, Mage, Archer và Buff.

        Game có 5 lớp nhân vật.
        Theo nhà phát triển,Thủy Hử Truyền Kỳkhông phải là một MMORPG truyền thống. Ngoài việc cho game thủ vào vai nhân vật để chiến đấu và thực hiện các nhiệm vụ chính, trò chơi còn bao gồm cả nhiều yếu tố giải trí, mô phỏng, nuôi dưỡng, kinh doanh, xây dựng, quản lý và ngoại giao.
        Thế giới trongThủy Hử Truyền Kỳcó bối cảnh lịch sử phức tạp, có mối liên kết chặt chẽ với sự phát triển của game. Toàn bộ thế giới gồm 90 thế lực lớn và hàng trăm thế lực nhỏ với quan hệ phức tạp. Tùy theo sở thích, người chơi có thể thiết lập các mối quan hệ giữa các thế lực nhằm thâm nhập dễ dàng hơn vào câu chuyện của game.

        Màn hình giao diệnThủy Hử Truyền Kỳsử dụng toàn bộ hình ảnh 2,5D. Đồ họa game gây ấn tượng bởi những công trình kiến trúc tráng lệ, rừng mưa nhiệt đới thần bí, đại dương mênh mông hay các hẻm núi hiểm trở. Nhờ không gian rộng lớn trong game, người chơi có thể tự do di chuyển và khám phá.

        Một công trình kiến trúc trongThủy Hử Truyền Kỳ.
        Hệ thống thao tác củaThủy Hử Truyền Kỳkết hợp phím, chuột và hai chế độ khóa màn hình. Mọi phím bấm được đơn giản hóa và tiện lợi để người chơi có thể làm quen trong thời gian ngắn. Trò chơi cũng sử dụng nhiều phím tắt như các MMO khác.
        Tính cộng đồng trongThủy Hử Truyền Kỳđược chú trọng phát triển nhằm xây dựng hệ thống hảo hữu tốt nhất. Tính năng giao kết hảo hữu là một ví dụ điển hình. Giới hạn của tính năng này dao động trong 100 người mỗi nhóm, giúp người chơi dễ dàng tìm thấy những bằng hữu hợp ý. Bên cạnh đó, game còn tích hợp chế độ hảo hữu tạm thời với số lượng khoảng 20 thành viên. Thông qua hoạt động party, bang hội, những huynh đệ này sẽ cùng “kề vai sát cánh” trong các cuộc chiến cam go và cùng vượt qua khó khăn thử thách.

        Càng thâm nhập vào game, nhu cầu tìm cho mình những đồng đội ăn ý của người chơi càng cấp thiết. Game thủ không thể tham gia các tính năng cao cấp nếu thiếu những đồng đội bên cạnh. Theo đó, hình ảnh, nội dungThủy Hử Truyền Kỳđược trau chuốt kỹ lưỡng, đồng thời hệ thống kỹ năng, nhiệm vụ hầu hết đều hướng tới mối quan hệ cộng đồng.
        Khác với nhiều MMORPG võ thuật truyền thống hiện nay,Thủy Hử Truyền Kỳtích hợp hệ thống thú cưng không giới hạn khả năng nâng cấp. Thông qua quá trình phát triển, vật nuôi liên tục được nâng cấp sức mạnh và trở thành bạn đồng hành không thể thiếu trong hành trình phiêu lưu.

        Giờ đây, giới hạn đẳng cấp không còn là mối bận tâm khi bất kỳ ai cũng có thể tự tay bắt pet và huấn luyện chúng. Chủ nhân được toàn quyền chọn lựa phương hướng phát triển cho thú cưng của mình mà không phải chịu sự gò bó theo một quy trình nhất định nào.
        Thủy Hử Truyền Kỳdự kiến phát hành tại Việt Nam trong tháng 3 hoặc 4 năm nay.
        Theo Gamethu
      </p>
    </document>
    <document title="Website trường mẹ Quỳnh Anh Got Talent bị hacker dội bom">
      <image>nguoidu022.jpg</image>
      <p>
        Trong suốt tuần qua, website của Trường Quốc tế Châu Á – Thái Bình Dương (Asia Pacific College – APC) nơi Quỳnh Anh Got Talent học và là trường do mẹ cô bé, bà Nguyễn Thị Ngọ làm chủ tịch Hội đồng quản trị đã liên tục bị tấn công.
        Đỉnh điểm cuộc tấn công tạm thời được xác định là vào 2-3 ngày gần đây khi hầu như không thể truy cập được vào trang website này. Đến sáng nay, website này còn bị chiếm quyền kiểm soát và treo lên dòng chữ bằng tiếng Anh: “Ever feel like you’re wrong place?” (Tạm dịch: Đã bao giờ bạn cảm thấy mình sai?).


        Website Trường Quốc tế Châu Á – Thái Bình Dương (Asia Pacific College – APC) bị tấn công.

        Bà Nguyễn Thị Ngọ cho biết: “Hacker tấn công liên tục, trường phải cử người túc trực liên tục ngày đêm luôn. Không hiểu ai tổ chức một đội hacker hùng mạnh như thế tấn công website của trường, cả ngày cả đêm”“Trường APC đâu có thù có oán với ai. Từ hồi thành lập đến giờ là 6 năm, có ai làm gì đâu và website vẫn chạy rất bình thường, không có gì xảy ra. Chỉ đến khi gia đình vướng vào câu chuyện với BHD thì mới có chuyện này”.
        Website này không chỉ là nơi trường sử dụng để giao dịch, thông tin, hoạt động kinh doanh mà còn là nơi để thông tin đến hàng ngàn học sinh, phụ huynh của trường. Từ một sự việc nhỏ trong lĩnh vực giải trí, có lẽ mọi việc đã vượt quá giới hạn và gây ảnh hưởng đến nhiều người.



        theo bee
      </p>
    </document>

    <document title="10 tính năng “hot” iPad 3 cần có">
      <image>iPad29d_108a2.jpg</image>
      <p>
        iPad 3 đã xuất hiện nhiều qua các tin đồn rò rỉ từ nhiều tháng nay nhưng Apple chưa 1 lần hé lộ về sản phẩm của mình. “Quả táo” sẽ tổ chức một sự kiện đặc biệt trong ngày 7/3 tới và đây cũng là thời điểm Apple đã ra mắt các thế hệ iPad trước đó. Tuy nhiên, vấn đề không phải là khi nào iPad 3 mới lộ diện mà iPad 3 sẽ có gì đặc biệt để thu hút người dùng.

        Hãy cùng xem 10 tính năng quan trọng mà giới công nghệ “gợi ý” để Apple trang bị cho iPad 3:

        1. Màn hình Retina Display


        Màn hình Retina Display của Apple đã nổi tiếng trên các điện thoại iPhone và máy nghe nhạc iPod Touch. Và giờ cũng đã đến lúc Apple phải trang bị màn hình này cho máy tính bảng iPad. Dù sao đi nữa, Retina Displays sẽ là tương lai của công nghệ màn hình, và nếu không đưa thế hệ màn hình này vào sản phẩm chủ đạo của mình là một sai lầm không đáng có của Apple.

        2. “Trợ lý” Siri



        Tháng 10 năm ngoái, Apple đã “khai sinh” ra “nàng trợ lý” Siri cho iPhone 4S. Và cho đến thời điểm này, công nghệ nhận dạng giọng nói vẫn chưa xuất hiện trên bất kỳ sản phẩm nào khác của Apple. Chắc chắn rằng Apple sẽ không quên đưa tính năng được xem là “thời thượng” lên nhiều sản phẩm quan trọng của mình.

        3. Hỗ trợ 4G

        Một trong những thiếu sót của iPad 2 chính là kết nối 4G. Để kết nối với Internet ở những nơi không có tín hiệu WiFi, người dùng sẽ cần đến sóng 3G. Nhưng, 3G không còn là mạng tốc độ cao nhất nữa, do đó, Apple nên tích hợp mạng 4G vào chiếc máy tính bảng iPad 3 bởi sẽ có không ít đối thủ của hãng này sớm tung ra những sản phẩm hỗ trợ công nghệ mới này.

        4. Giữ nguyên mức giá

        Từ trước tới nay, Apple luôn luôn chào bán iPad mới với cùng mức giá của sản phẩm trước đó. Nhưng, theo nhiều tin đồn mới đây, năm nay, iPad 3 sẽ có giá bán cao hơn khoảng 70-80 USD so với iPad 2. Tuy nhiên, thông tin này chưa được xác thực, hy vọng Apple sẽ không thay đổi giá bán của mình.

        5. Lõi tứ

        Hội nghị di động thế giới MWC 2012 đang diễn ra chứng kiến cuộc “đổ bộ” của những smartphone, tablet lõi tứ. Vì thế, Apple không có lựa chọn nào khác là phải tích hợp vi xử lý 4 nhân cho máy tính bảng thế hệ mới của mình. Với người dùng, chip đồng nghĩa với sức mạnh xử lý, với nhiều tính năng và chơi game tốt hơn.

        6. Phiên bản iPad mini

        Mặc dù điều này khó xảy ra nhưng nhiều người vẫn hy vọng Apple sẽ tung ra iPad 3 phiên bản mini trong năm nay. Cùng với phiên bản 9,7 inch, Apple cũng nên khai thác vào phân khúc 7 inch để cạnh tranh với Galaxy Tab, Amazon Kindle Fire…

        7. Bộ nhớ lớn hơn

        iPad 2 hiện tại chỉ có bộ nhớ tối đa là 64GB. Trong khi iPhone 4S đã có dung lượng lưu trữ lên tới 64GB  thì tại sao, iPad, với giá thành đắt hơn nhiều so với smartphone, thì lại không có một bộ nhớ lớn hơn, chẳng hạn như 128GB?

        8. Cổng Thunderbolt

        Công nghệ Thunderbolt của Apple không phát triển mạnh mẽ nhưng đây là tính năng sẽ dần đần xuất hiện trên tất cả màn hình và máy tính Mac của Apple. Công nghệ Thunderbolt cho tốc độ truyền dẫn lên tới 10 Gbps (nhanh gấp đôi so với USB 3.0). Đã đến lúc, iPad 3 cũng phải được tích hợp cổng Thunderbolt. Cổng này cho phép người dùng kết nối với các màn hình của Apple để truyền dữ liệu qua lại giữa máy tính bảng và Mac.

        9. Khắc phục hiện tượng lóa sáng



        Một trong những vấn đề lớn nhất khi sử dụng iPad ở ngoài trời đó chính là hiện tượng lóa sáng. Đây là điều mà Apple cần khắc phục trên iPad mới.

        10. Thiết kế mới

        Thiết kế mới luôn là điểm hấp dẫn người tiêu dùng. Và, Apple vẫn luôn là công ty thiên tài trong việc tạo ra những sản phẩm đặc biệt. Thiết kế của iPad đang trở nên quá quen thuộc, và đây là lúc Apple cần phải làm ra điều mới mẻ để chứng minh một điều rằng Apple chứ không phải bất kỳ ai có thể tung ra những chiếc máy tính bảng có sức hút kỳ lạ.
      </p>
    </document>
  </tintuc>
  <doitac></doitac>
</data>
