-- phpMyAdmin SQL Dump
-- version 3.4.5deb1
-- http://www.phpmyadmin.net
--
-- Host: localhost
-- Generation Time: Apr 21, 2012 at 03:58 PM
-- Server version: 5.1.61
-- PHP Version: 5.3.6-13ubuntu3.6

SET SQL_MODE="NO_AUTO_VALUE_ON_ZERO";
SET time_zone = "+00:00";


/*!40101 SET @OLD_CHARACTER_SET_CLIENT=@@CHARACTER_SET_CLIENT */;
/*!40101 SET @OLD_CHARACTER_SET_RESULTS=@@CHARACTER_SET_RESULTS */;
/*!40101 SET @OLD_COLLATION_CONNECTION=@@COLLATION_CONNECTION */;
/*!40101 SET NAMES utf8 */;

--
-- Database: `kaimonokago`
--

-- --------------------------------------------------------

--
-- Table structure for table `admin`
--

CREATE TABLE IF NOT EXISTS `admin` (
  `admin_id` int(11) NOT NULL AUTO_INCREMENT,
  `email` varchar(50) NOT NULL,
  `password` varchar(20) NOT NULL,
  `full_name` varchar(50) CHARACTER SET utf8 COLLATE utf8_unicode_ci NOT NULL,
  `address` varchar(50) CHARACTER SET utf8 COLLATE utf8_unicode_ci NOT NULL,
  `city` varchar(50) CHARACTER SET utf8 COLLATE utf8_unicode_ci NOT NULL,
  `province` varchar(50) CHARACTER SET utf8 COLLATE utf8_unicode_ci NOT NULL,
  `zip` varchar(50) CHARACTER SET utf8 COLLATE utf8_unicode_ci NOT NULL,
  `phone` varchar(50) CHARACTER SET utf8 COLLATE utf8_unicode_ci NOT NULL,
  `country` varchar(20) CHARACTER SET utf8 COLLATE utf8_unicode_ci NOT NULL,
  `currency_id` int(11) NOT NULL,
  `currency_account` varchar(30) NOT NULL,
  PRIMARY KEY (`admin_id`),
  KEY `currency_id` (`currency_id`)
) ENGINE=InnoDB DEFAULT CHARSET=latin1 AUTO_INCREMENT=1 ;

-- --------------------------------------------------------

--
-- Table structure for table `be_acl_actions`
--

CREATE TABLE IF NOT EXISTS `be_acl_actions` (
  `id` int(10) unsigned NOT NULL AUTO_INCREMENT,
  `name` varchar(254) NOT NULL,
  PRIMARY KEY (`id`),
  UNIQUE KEY `name` (`name`)
) ENGINE=InnoDB DEFAULT CHARSET=utf8 AUTO_INCREMENT=1 ;

-- --------------------------------------------------------

--
-- Table structure for table `be_acl_groups`
--

CREATE TABLE IF NOT EXISTS `be_acl_groups` (
  `id` int(10) unsigned NOT NULL AUTO_INCREMENT,
  `lft` int(10) unsigned NOT NULL DEFAULT '0',
  `rgt` int(10) unsigned NOT NULL DEFAULT '0',
  `name` varchar(254) NOT NULL,
  `link` int(10) unsigned DEFAULT NULL,
  PRIMARY KEY (`id`),
  UNIQUE KEY `name` (`name`),
  KEY `lft` (`lft`),
  KEY `rgt` (`rgt`)
) ENGINE=InnoDB  DEFAULT CHARSET=utf8 AUTO_INCREMENT=4 ;

--
-- Dumping data for table `be_acl_groups`
--

INSERT INTO `be_acl_groups` (`id`, `lft`, `rgt`, `name`, `link`) VALUES
(1, 1, 6, 'Member', NULL),
(2, 4, 5, 'Administrator', NULL),
(3, 2, 3, 'demoadmin', 0);

-- --------------------------------------------------------

--
-- Table structure for table `be_acl_permissions`
--

CREATE TABLE IF NOT EXISTS `be_acl_permissions` (
  `id` int(10) unsigned NOT NULL AUTO_INCREMENT,
  `aro_id` int(10) unsigned NOT NULL DEFAULT '0',
  `aco_id` int(10) unsigned NOT NULL DEFAULT '0',
  `allow` char(1) DEFAULT NULL,
  PRIMARY KEY (`id`),
  KEY `aro_id` (`aro_id`),
  KEY `aco_id` (`aco_id`)
) ENGINE=InnoDB  DEFAULT CHARSET=utf8 AUTO_INCREMENT=15 ;

--
-- Dumping data for table `be_acl_permissions`
--

INSERT INTO `be_acl_permissions` (`id`, `aro_id`, `aco_id`, `allow`) VALUES
(1, 2, 1, 'Y'),
(3, 1, 24, 'Y'),
(4, 1, 27, 'N'),
(5, 1, 6, 'N'),
(6, 1, 3, 'N'),
(7, 1, 12, 'N'),
(8, 3, 24, 'Y'),
(9, 3, 12, 'N'),
(10, 3, 28, 'Y'),
(11, 3, 36, 'Y'),
(12, 3, 1, 'Y'),
(13, 3, 3, 'N'),
(14, 1, 32, 'Y');

-- --------------------------------------------------------

--
-- Table structure for table `be_acl_permission_actions`
--

CREATE TABLE IF NOT EXISTS `be_acl_permission_actions` (
  `id` int(10) unsigned NOT NULL AUTO_INCREMENT,
  `access_id` int(10) unsigned NOT NULL DEFAULT '0',
  `axo_id` int(10) unsigned NOT NULL DEFAULT '0',
  `allow` char(1) DEFAULT NULL,
  PRIMARY KEY (`id`),
  KEY `access_id` (`access_id`),
  KEY `axo_id` (`axo_id`)
) ENGINE=InnoDB DEFAULT CHARSET=utf8 AUTO_INCREMENT=1 ;

-- --------------------------------------------------------

--
-- Table structure for table `be_acl_resources`
--

CREATE TABLE IF NOT EXISTS `be_acl_resources` (
  `id` int(10) unsigned NOT NULL AUTO_INCREMENT,
  `lft` int(10) unsigned NOT NULL DEFAULT '0',
  `rgt` int(10) unsigned NOT NULL DEFAULT '0',
  `name` varchar(254) NOT NULL,
  `link` int(10) unsigned DEFAULT NULL,
  PRIMARY KEY (`id`),
  UNIQUE KEY `name` (`name`),
  KEY `lft` (`lft`),
  KEY `rgt` (`rgt`)
) ENGINE=InnoDB  DEFAULT CHARSET=utf8 AUTO_INCREMENT=40 ;

--
-- Dumping data for table `be_acl_resources`
--

INSERT INTO `be_acl_resources` (`id`, `lft`, `rgt`, `name`, `link`) VALUES
(1, 1, 76, 'Site', NULL),
(2, 56, 75, 'Control Panel', NULL),
(3, 57, 74, 'System', NULL),
(4, 68, 69, 'Members', NULL),
(5, 58, 67, 'Access Control', NULL),
(6, 70, 71, 'Settings', NULL),
(7, 72, 73, 'Utilities', NULL),
(8, 65, 66, 'Permissions', NULL),
(9, 63, 64, 'Groups', NULL),
(10, 61, 62, 'Resources', NULL),
(11, 59, 60, 'Actions', NULL),
(12, 26, 55, 'General', 0),
(13, 53, 54, 'Calendar', 0),
(14, 51, 52, 'Category', 0),
(15, 49, 50, 'Customers', 0),
(16, 47, 48, 'Menus', 0),
(17, 45, 46, 'Messages', 0),
(18, 43, 44, 'Orders', 0),
(19, 41, 42, 'Pages', 0),
(20, 39, 40, 'Products', 0),
(21, 37, 38, 'Subscribers', 0),
(22, 35, 36, 'Admins', 0),
(23, 33, 34, 'Filemanager', 0),
(24, 18, 25, 'Customer Support', 0),
(25, 23, 24, 'Purchase Support', 0),
(26, 21, 22, 'Customer Record', 0),
(27, 19, 20, 'Customers Admin', 0),
(28, 12, 17, 'Project Panel', 0),
(29, 15, 16, 'Project Spec', 0),
(30, 13, 14, 'Project Home', 0),
(32, 9, 10, 'Customer booking', 0),
(33, 7, 8, 'Bookings', 0),
(34, 3, 4, 'Courses', 0),
(35, 5, 6, 'Trainers', 0),
(36, 2, 11, 'Fitness', 0),
(37, 31, 32, 'Multi languages', 0),
(38, 29, 30, 'Slideshow', 0),
(39, 27, 28, 'Playroom', 0);

-- --------------------------------------------------------

--
-- Table structure for table `be_groups`
--

CREATE TABLE IF NOT EXISTS `be_groups` (
  `id` int(10) unsigned NOT NULL AUTO_INCREMENT,
  `locked` tinyint(1) unsigned NOT NULL DEFAULT '0',
  `disabled` tinyint(1) unsigned NOT NULL DEFAULT '0',
  PRIMARY KEY (`id`)
) ENGINE=InnoDB  DEFAULT CHARSET=utf8 AUTO_INCREMENT=4 ;

--
-- Dumping data for table `be_groups`
--

INSERT INTO `be_groups` (`id`, `locked`, `disabled`) VALUES
(1, 1, 0),
(2, 1, 0),
(3, 0, 0);

-- --------------------------------------------------------

--
-- Table structure for table `be_preferences`
--

CREATE TABLE IF NOT EXISTS `be_preferences` (
  `name` varchar(254) CHARACTER SET latin1 NOT NULL,
  `value` text CHARACTER SET latin1 NOT NULL,
  KEY `name` (`name`)
) ENGINE=MyISAM DEFAULT CHARSET=utf8;

--
-- Dumping data for table `be_preferences`
--

INSERT INTO `be_preferences` (`name`, `value`) VALUES
('default_user_group', '1'),
('smtp_host', ''),
('keep_error_logs_for', '30'),
('email_protocol', 'sendmail'),
('use_registration_captcha', '0'),
('page_debug', '0'),
('automated_from_name', 'admin@gmail.com'),
('allow_user_registration', '1'),
('use_login_captcha', '0'),
('site_name', 'Istockgold'),
('automated_from_email', 'admin@gmail.com'),
('account_activation_time', '7'),
('allow_user_profiles', '1'),
('activation_method', 'email'),
('autologin_period', '30'),
('min_password_length', '4'),
('smtp_user', ''),
('smtp_pass', ''),
('email_mailpath', '/usr/sbin/sendmail'),
('smtp_port', '25'),
('smtp_timeout', '5'),
('email_wordwrap', '1'),
('email_wrapchars', '76'),
('email_mailtype', 'text'),
('email_charset', 'utf-8'),
('bcc_batch_mode', '0'),
('bcc_batch_size', '200'),
('login_field', 'email'),
('main_module_name', 'welcome'),
('categories_parent_id', '1'),
('admin_email', 'admin@gmail.com'),
('webshop_slideshow', 'coinslider'),
('slideshow_two', 'none'),
('playroom_parent_id', '10'),
('calendar', '1'),
('category', '1'),
('customers', '1'),
('filemanager', '1'),
('languages', '1'),
('menus', '1'),
('messages', '1'),
('orders', '1'),
('pages', '1'),
('products', '1'),
('slideshow', '1'),
('subscribers', '1'),
('multi_language', '0'),
('website_language', 'english'),
('security_method', 'question'),
('security_question', '3+5='),
('security_answer', '8'),
('ga_tracking', ''),
('ga_profile', ''),
('ga_email', ''),
('ga_password', ''),
('dashboard_rss', 'http://www.digg.com/rss/indexdig.xml'),
('dashboard_rss_count', '10'),
('company_name', ''),
('company_address', ''),
('frontend_multi_language', '1'),
('company_post', '123-4567'),
('company_city', 'Kobe'),
('company_country', 'Japan'),
('company_organization_number', '992591412'),
('company_telephone', '+ 81 1122 3344'),
('company_mobile', ''),
('company_other_one', 'The contents of website are the copyright of Kaimonokago © 2012. All rights reserved.  Web: Okada Design AS'),
('company_other_two', ''),
('category_menu_id', '16, 22'),
('lilly_fairies_submenu_id', '1'),
('parentid_other_illust', '27'),
('quicksand_colorbox_cat_id', '11'),
('sharethis_pub_key', ''),
('sharethis_direction', 'vertical'),
('sharethis_services', 'facebook, twitter, yahoo, email, sharethis, plusone'),
('sharethis_size', 'large'),
('other_work_main', ''),
('customer_registration', '0'),
('twittername', ''),
('twittercount', '10');

-- --------------------------------------------------------

--
-- Table structure for table `be_resources`
--

CREATE TABLE IF NOT EXISTS `be_resources` (
  `id` int(10) unsigned NOT NULL AUTO_INCREMENT,
  `locked` tinyint(1) unsigned NOT NULL DEFAULT '0',
  PRIMARY KEY (`id`)
) ENGINE=InnoDB  DEFAULT CHARSET=utf8 AUTO_INCREMENT=40 ;

--
-- Dumping data for table `be_resources`
--

INSERT INTO `be_resources` (`id`, `locked`) VALUES
(1, 1),
(2, 1),
(3, 1),
(4, 1),
(5, 1),
(6, 1),
(7, 1),
(8, 1),
(9, 1),
(10, 1),
(11, 1),
(12, 0),
(13, 0),
(14, 0),
(15, 0),
(16, 0),
(17, 0),
(18, 0),
(19, 0),
(20, 0),
(21, 0),
(22, 0),
(23, 0),
(24, 0),
(25, 0),
(26, 0),
(27, 0),
(28, 0),
(29, 0),
(30, 0),
(32, 0),
(33, 0),
(34, 0),
(35, 0),
(36, 0),
(37, 0),
(38, 0),
(39, 0);

-- --------------------------------------------------------

--
-- Table structure for table `be_users`
--

CREATE TABLE IF NOT EXISTS `be_users` (
  `id` int(10) unsigned NOT NULL AUTO_INCREMENT,
  `username` varchar(32) NOT NULL,
  `password` varchar(40) NOT NULL,
  `email` varchar(254) NOT NULL,
  `active` tinyint(1) unsigned NOT NULL DEFAULT '0',
  `group` int(10) unsigned DEFAULT NULL,
  `activation_key` varchar(32) DEFAULT NULL,
  `last_visit` datetime DEFAULT NULL,
  `created` datetime NOT NULL,
  `modified` datetime DEFAULT NULL,
  PRIMARY KEY (`id`),
  UNIQUE KEY `username` (`username`),
  UNIQUE KEY `email` (`email`),
  KEY `password` (`password`),
  KEY `group` (`group`)
) ENGINE=InnoDB  DEFAULT CHARSET=utf8 AUTO_INCREMENT=2 ;

--
-- Dumping data for table `be_users`
--

INSERT INTO `be_users` (`id`, `username`, `password`, `email`, `active`, `group`, `activation_key`, `last_visit`, `created`, `modified`) VALUES
(1, 'admin', '0993abd18b04dce02cafde93878540f109592da5', 'admin@gmail.com', 1, 2, NULL, '2012-04-21 10:36:48', '2012-02-22 13:46:09', '2012-03-17 21:56:17');

-- --------------------------------------------------------

--
-- Table structure for table `be_user_profiles`
--

CREATE TABLE IF NOT EXISTS `be_user_profiles` (
  `user_id` int(10) unsigned NOT NULL,
  `company_name` varchar(100) COLLATE utf8_unicode_ci NOT NULL,
  `full_name` varchar(50) COLLATE utf8_unicode_ci NOT NULL,
  `web_address` varchar(100) COLLATE utf8_unicode_ci NOT NULL,
  `phone_number` varchar(50) COLLATE utf8_unicode_ci NOT NULL,
  `address` varchar(50) COLLATE utf8_unicode_ci NOT NULL,
  `city` varchar(30) COLLATE utf8_unicode_ci NOT NULL,
  `post_code` int(10) NOT NULL,
  PRIMARY KEY (`user_id`)
) ENGINE=InnoDB DEFAULT CHARSET=utf8 COLLATE=utf8_unicode_ci;

--
-- Dumping data for table `be_user_profiles`
--

INSERT INTO `be_user_profiles` (`user_id`, `company_name`, `full_name`, `web_address`, `phone_number`, `address`, `city`, `post_code`) VALUES
(1, '', '', '', '', '', '', 0),
(14, '', '', '', '', '', '', 0);

-- --------------------------------------------------------

--
-- Table structure for table `ci_sessions`
--

CREATE TABLE IF NOT EXISTS `ci_sessions` (
  `session_id` varchar(40) NOT NULL DEFAULT '0',
  `ip_address` varchar(16) NOT NULL DEFAULT '0',
  `user_agent` varchar(120) NOT NULL,
  `last_activity` int(10) unsigned NOT NULL DEFAULT '0',
  `user_data` text NOT NULL,
  PRIMARY KEY (`session_id`),
  KEY `last_activity_idx` (`last_activity`)
) ENGINE=InnoDB DEFAULT CHARSET=latin1;

--
-- Dumping data for table `ci_sessions`
--

INSERT INTO `ci_sessions` (`session_id`, `ip_address`, `user_agent`, `last_activity`, `user_data`) VALUES
('d43cfaeede09ef1f43144067e3ed3e40', '127.0.0.1', 'Mozilla/5.0 (X11; Ubuntu; Linux x86_64; rv:11.0) Gecko/20100101 Firefox/11.0', 1334998331, 'a:1:{s:6:"status";s:136:"a:1:{s:7:"warning";a:2:{i:0;s:51:" The Postal Code field must contain only numbers. \n";i:1;s:35:" The write_ans field is required. \n";}}";}');

-- --------------------------------------------------------

--
-- Table structure for table `eventcal`
--

CREATE TABLE IF NOT EXISTS `eventcal` (
  `id` int(10) unsigned NOT NULL AUTO_INCREMENT,
  `user` varchar(25) NOT NULL DEFAULT 'anonimous',
  `user_id` int(25) NOT NULL,
  `eventDate` date DEFAULT NULL,
  `eventTitle` varchar(100) DEFAULT NULL,
  `eventContent` text,
  `privacy` enum('public','private') NOT NULL DEFAULT 'public',
  PRIMARY KEY (`id`)
) ENGINE=InnoDB  DEFAULT CHARSET=utf8 AUTO_INCREMENT=9 ;

--
-- Dumping data for table `eventcal`
--

INSERT INTO `eventcal` (`id`, `user`, `user_id`, `eventDate`, `eventTitle`, `eventContent`, `privacy`) VALUES
(2, 'shinokada', 8, '2011-05-17', '17th May', 'Hurray', 'public'),
(8, 'shinokada', 8, '2011-05-18', 'test', 'test', 'public');

-- --------------------------------------------------------

--
-- Table structure for table `is_account_setting`
--

CREATE TABLE IF NOT EXISTS `is_account_setting` (
  `id` int(11) NOT NULL AUTO_INCREMENT,
  `c_id` int(11) NOT NULL,
  `key` varchar(50) NOT NULL,
  `display` varchar(100) DEFAULT NULL,
  `value` varchar(255) DEFAULT NULL,
  `note` varchar(255) DEFAULT NULL,
  `order` int(11) DEFAULT NULL,
  PRIMARY KEY (`id`),
  KEY `c_id` (`c_id`)
) ENGINE=InnoDB  DEFAULT CHARSET=latin1 AUTO_INCREMENT=8 ;

--
-- Dumping data for table `is_account_setting`
--

INSERT INTO `is_account_setting` (`id`, `c_id`, `key`, `display`, `value`, `note`, `order`) VALUES
(1, 1, 'liberty.account', 'Liberty Account', 'U2782065', 'Use cappital characters sample: UXXXX', 1),
(2, 1, 'liberty.account.name', 'Account Name', 'Ngo Hoang Quyen', '', 2),
(3, 1, 'liberty.account.storename', 'Store Name', 'istockgold', 'This is the store name you must set up on Merchant tools > Create new store. [Auto Receive] create name,password and enable it. Select POST for all HTTP methods', 3),
(4, 2, 'western.receiver.firstname', 'Receiver''s First Name', 'Quyen', NULL, 1),
(5, 2, 'western.receiver.lastname', 'Receiver''s Last Name', 'Ngo', NULL, 2),
(6, 2, 'western.receiver.city', 'Reveiver''s City', 'Hanoi', NULL, 3),
(7, 2, 'western.receiver.country', 'Reveiver''s Country', 'Vietnam', NULL, 4);

-- --------------------------------------------------------

--
-- Table structure for table `is_currency`
--

CREATE TABLE IF NOT EXISTS `is_currency` (
  `c_id` int(11) NOT NULL AUTO_INCREMENT,
  `c_name` varchar(20) NOT NULL,
  `c_metal_name` varchar(20) NOT NULL,
  `code` varchar(3) NOT NULL,
  `logo_src` varchar(255) DEFAULT NULL,
  `status` tinyint(1) NOT NULL,
  `c_limit` int(11) DEFAULT NULL,
  `c_max_fee` int(11) DEFAULT NULL,
  `c_ex_min` int(11) DEFAULT NULL,
  `c_ex_max` int(11) DEFAULT NULL,
  `c_reserve` int(11) DEFAULT NULL,
  `is_show_src` tinyint(1) NOT NULL,
  `is_show_dst` tinyint(1) NOT NULL,
  PRIMARY KEY (`c_id`)
) ENGINE=InnoDB  DEFAULT CHARSET=latin1 AUTO_INCREMENT=3 ;

--
-- Dumping data for table `is_currency`
--

INSERT INTO `is_currency` (`c_id`, `c_name`, `c_metal_name`, `code`, `logo_src`, `status`, `c_limit`, `c_max_fee`, `c_ex_min`, `c_ex_max`, `c_reserve`, `is_show_src`, `is_show_dst`) VALUES
(1, 'Liberty Reserve', 'Usd', 'LR', 'Liberty Reserve.jpg', 1, 300, 3, 1, 5000, 3000, 1, 1),
(2, 'Western Union', 'Usd', 'WU', 'wu2.jpg', 1, 200, 5, 1, 4000, 3000, 1, 1);

-- --------------------------------------------------------

--
-- Table structure for table `is_order`
--

CREATE TABLE IF NOT EXISTS `is_order` (
  `order_id` int(11) NOT NULL AUTO_INCREMENT,
  `order_code` int(11) DEFAULT NULL,
  `c_src` varchar(3) CHARACTER SET utf8 NOT NULL,
  `c_dst` varchar(3) CHARACTER SET utf8 NOT NULL,
  `amount_src` int(11) NOT NULL,
  `amount_dst` int(11) NOT NULL,
  `account_dst` varchar(64) NOT NULL,
  `status_src` int(3) DEFAULT '1',
  `status_dst` int(3) DEFAULT '1',
  `date_src` datetime DEFAULT NULL,
  `date_dst` datetime DEFAULT NULL,
  `email` varchar(50) NOT NULL,
  `note` varchar(255) DEFAULT NULL,
  PRIMARY KEY (`order_id`)
) ENGINE=InnoDB  DEFAULT CHARSET=latin1 AUTO_INCREMENT=9 ;

--
-- Dumping data for table `is_order`
--

INSERT INTO `is_order` (`order_id`, `order_code`, `c_src`, `c_dst`, `amount_src`, `amount_dst`, `account_dst`, `status_src`, `status_dst`, `date_src`, `date_dst`, `email`, `note`) VALUES
(8, NULL, 'LR', 'WU', 1000, 982, '', 1, 1, '2012-04-21 15:53:11', NULL, 'asd@foor.bar', NULL);

-- --------------------------------------------------------

--
-- Table structure for table `is_order_status`
--

CREATE TABLE IF NOT EXISTS `is_order_status` (
  `id` int(11) NOT NULL,
  `value` varchar(20) NOT NULL,
  PRIMARY KEY (`id`)
) ENGINE=MyISAM DEFAULT CHARSET=latin1;

-- --------------------------------------------------------

--
-- Table structure for table `is_rate`
--

CREATE TABLE IF NOT EXISTS `is_rate` (
  `rate_id` int(11) NOT NULL AUTO_INCREMENT,
  `c_id_src` int(11) NOT NULL,
  `c_id_dst` int(11) NOT NULL,
  `rate_dst` float NOT NULL,
  PRIMARY KEY (`rate_id`),
  KEY `c_id_src` (`c_id_src`),
  KEY `c_id_dst` (`c_id_dst`)
) ENGINE=InnoDB  DEFAULT CHARSET=latin1 AUTO_INCREMENT=3 ;

--
-- Dumping data for table `is_rate`
--

INSERT INTO `is_rate` (`rate_id`, `c_id_src`, `c_id_dst`, `rate_dst`) VALUES
(1, 1, 2, 0.982),
(2, 2, 1, 0.879);

-- --------------------------------------------------------

--
-- Table structure for table `is_user`
--

CREATE TABLE IF NOT EXISTS `is_user` (
  `user_id` int(11) NOT NULL AUTO_INCREMENT,
  `user_name` varchar(20) NOT NULL,
  `full_name` varchar(50) CHARACTER SET utf8 COLLATE utf8_unicode_ci NOT NULL,
  `ip` varchar(20) DEFAULT NULL,
  `country` varchar(20) CHARACTER SET utf8 COLLATE utf8_unicode_ci DEFAULT NULL,
  `email` varchar(50) DEFAULT NULL,
  PRIMARY KEY (`user_id`)
) ENGINE=InnoDB DEFAULT CHARSET=latin1 AUTO_INCREMENT=1 ;

-- --------------------------------------------------------

--
-- Table structure for table `omc_category`
--

CREATE TABLE IF NOT EXISTS `omc_category` (
  `id` int(11) unsigned NOT NULL AUTO_INCREMENT,
  `name` varchar(255) COLLATE utf8_unicode_ci NOT NULL,
  `metadesc` varchar(500) COLLATE utf8_unicode_ci NOT NULL,
  `metakeyword` varchar(500) COLLATE utf8_unicode_ci NOT NULL,
  `shortdesc` varchar(255) COLLATE utf8_unicode_ci NOT NULL,
  `longdesc` text COLLATE utf8_unicode_ci NOT NULL,
  `status` enum('active','inactive') COLLATE utf8_unicode_ci NOT NULL,
  `order` int(11) unsigned DEFAULT NULL,
  `parentid` int(11) unsigned NOT NULL,
  `lang_id` int(2) unsigned NOT NULL,
  `table_id` int(11) unsigned NOT NULL,
  PRIMARY KEY (`id`)
) ENGINE=InnoDB  DEFAULT CHARSET=utf8 COLLATE=utf8_unicode_ci AUTO_INCREMENT=25 ;

--
-- Dumping data for table `omc_category`
--

INSERT INTO `omc_category` (`id`, `name`, `metadesc`, `metakeyword`, `shortdesc`, `longdesc`, `status`, `order`, `parentid`, `lang_id`, `table_id`) VALUES
(1, 'English category', '', '', '', '', 'active', NULL, 0, 0, 1),
(2, 'Books', '', '', '', '', 'active', 40, 1, 0, 2),
(5, 'Japanese category', '', '', '', '', 'active', NULL, 0, 1, 1),
(7, 'Meditation', 'Meditation in English', '', '', '', 'active', 30, 1, 0, 7),
(9, 'Mountain', '', '', '', '', 'active', 10, 1, 0, 9),
(11, 'River', '', '', '', '', 'active', 25, 1, 0, 11),
(13, '山', 'Fjell p&aring; Norsk', '', '', '', 'active', 10, 5, 1, 9),
(14, 'Elv', 'elv', '', '', '', 'active', 25, 5, 1, 11),
(15, '瞑想', '瞑想', '', '', '', 'active', 30, 5, 1, 7),
(16, 'Alver', 'Alver', '', '', '', 'active', 40, 5, 1, 2),
(17, 'Angels', 'Angels in english', '', '', '', 'active', 35, 1, 0, 17),
(19, '天使', 'Engler', '', '', '', 'active', 35, 5, 1, 17),
(20, 'Magic', 'Magic desc.', '', '', '', 'active', 55, 1, 0, 20),
(23, 'Ocean', 'Ocean desc', '', '', '', 'active', 70, 1, 0, 23),
(24, 'マジック', '', '<p>Content</p>', '', '', 'active', NULL, 5, 1, 20);

-- --------------------------------------------------------

--
-- Table structure for table `omc_colors`
--

CREATE TABLE IF NOT EXISTS `omc_colors` (
  `id` int(11) NOT NULL AUTO_INCREMENT,
  `name` varchar(32) COLLATE utf8_unicode_ci NOT NULL,
  `status` enum('active','inactive') COLLATE utf8_unicode_ci NOT NULL,
  PRIMARY KEY (`id`)
) ENGINE=InnoDB DEFAULT CHARSET=utf8 COLLATE=utf8_unicode_ci AUTO_INCREMENT=1 ;

-- --------------------------------------------------------

--
-- Table structure for table `omc_customer`
--

CREATE TABLE IF NOT EXISTS `omc_customer` (
  `customer_id` int(10) unsigned NOT NULL AUTO_INCREMENT,
  `password` varchar(50) COLLATE utf8_unicode_ci NOT NULL,
  `customer_first_name` varchar(50) COLLATE utf8_unicode_ci NOT NULL,
  `customer_last_name` varchar(50) COLLATE utf8_unicode_ci NOT NULL,
  `phone_number` int(10) unsigned NOT NULL,
  `email` varchar(50) COLLATE utf8_unicode_ci NOT NULL,
  `address` varchar(50) COLLATE utf8_unicode_ci NOT NULL,
  `city` varchar(50) COLLATE utf8_unicode_ci NOT NULL,
  `post_code` int(10) unsigned NOT NULL,
  PRIMARY KEY (`customer_id`)
) ENGINE=InnoDB DEFAULT CHARSET=utf8 COLLATE=utf8_unicode_ci AUTO_INCREMENT=1 ;

-- --------------------------------------------------------

--
-- Table structure for table `omc_email`
--

CREATE TABLE IF NOT EXISTS `omc_email` (
  `id` int(10) unsigned NOT NULL AUTO_INCREMENT,
  `subject` text COLLATE utf8_unicode_ci NOT NULL,
  `msg` text COLLATE utf8_unicode_ci NOT NULL,
  `msg2` text COLLATE utf8_unicode_ci NOT NULL,
  `msg3` text COLLATE utf8_unicode_ci NOT NULL,
  `msg4` text COLLATE utf8_unicode_ci NOT NULL,
  `sendto` text COLLATE utf8_unicode_ci NOT NULL,
  `date` datetime NOT NULL,
  PRIMARY KEY (`id`)
) ENGINE=InnoDB  DEFAULT CHARSET=utf8 COLLATE=utf8_unicode_ci AUTO_INCREMENT=12 ;

--
-- Dumping data for table `omc_email`
--

INSERT INTO `omc_email` (`id`, `subject`, `msg`, `msg2`, `msg3`, `msg4`, `sendto`, `date`) VALUES
(7, 'testing email', '<p>testing email here.</p>', '', '', '', '1_admin@gmail.com', '2012-03-09 22:08:56'),
(9, 'sending blue', '<p>hahah</p>', '', '', '', '1_admin@gmail.com', '2012-03-10 08:43:21'),
(10, 'sendig agagi ', '<p>haha djh asdjfh</p>', '', '', '', '1_admin@gmail.com', '2012-03-10 08:44:19'),
(11, 'test', '<p>test</p>', '', '', '', '1_admin@gmail.com,3_test@gmail.com', '2012-03-16 21:21:29');

-- --------------------------------------------------------

--
-- Table structure for table `omc_emailtemplate`
--

CREATE TABLE IF NOT EXISTS `omc_emailtemplate` (
  `id` int(10) unsigned NOT NULL AUTO_INCREMENT,
  `name` varchar(255) NOT NULL,
  `default` int(1) unsigned NOT NULL DEFAULT '0',
  PRIMARY KEY (`id`)
) ENGINE=InnoDB  DEFAULT CHARSET=latin1 AUTO_INCREMENT=10 ;

--
-- Dumping data for table `omc_emailtemplate`
--

INSERT INTO `omc_emailtemplate` (`id`, `name`, `default`) VALUES
(1, 'default', 1),
(2, 'bluenote', 0),
(5, 'greenbear', 0),
(7, 'redhat', 0),
(9, 'redrose', 0);

-- --------------------------------------------------------

--
-- Table structure for table `omc_languages`
--

CREATE TABLE IF NOT EXISTS `omc_languages` (
  `id` int(25) NOT NULL AUTO_INCREMENT,
  `langname` text COLLATE utf8_unicode_ci NOT NULL,
  `status` enum('active','inactive') COLLATE utf8_unicode_ci NOT NULL,
  PRIMARY KEY (`id`)
) ENGINE=InnoDB  DEFAULT CHARSET=utf8 COLLATE=utf8_unicode_ci AUTO_INCREMENT=2 ;

--
-- Dumping data for table `omc_languages`
--

INSERT INTO `omc_languages` (`id`, `langname`, `status`) VALUES
(1, 'japanese', 'active');

-- --------------------------------------------------------

--
-- Table structure for table `omc_menus`
--

CREATE TABLE IF NOT EXISTS `omc_menus` (
  `id` int(11) unsigned NOT NULL AUTO_INCREMENT,
  `name` varchar(255) COLLATE utf8_unicode_ci NOT NULL,
  `shortdesc` varchar(255) COLLATE utf8_unicode_ci NOT NULL,
  `status` enum('active','inactive') COLLATE utf8_unicode_ci NOT NULL,
  `parentid` int(11) unsigned NOT NULL,
  `order` int(11) unsigned DEFAULT NULL,
  `lang_id` int(2) unsigned NOT NULL,
  `page_uri_id` int(11) unsigned NOT NULL,
  `menu_id` int(11) unsigned NOT NULL,
  PRIMARY KEY (`id`)
) ENGINE=InnoDB  DEFAULT CHARSET=utf8 COLLATE=utf8_unicode_ci AUTO_INCREMENT=16 ;

--
-- Dumping data for table `omc_menus`
--

INSERT INTO `omc_menus` (`id`, `name`, `shortdesc`, `status`, `parentid`, `order`, `lang_id`, `page_uri_id`, `menu_id`) VALUES
(1, 'English menu', '', 'active', 0, 0, 0, 0, 0),
(2, 'Home', '', 'active', 1, 10, 0, 1, 0),
(5, 'Japanese menu', '', 'active', 0, 0, 1, 0, 1),
(6, 'ネットショップ', '', 'active', 5, 10, 1, 6, 2),
(8, 'Contact', '', 'active', 1, 30, 0, 7, 0),
(9, 'お問い合わせ', '', 'active', 5, 30, 1, 8, 8),
(10, 'About Us', '', 'active', 1, 40, 0, 3, 0),
(11, 'セシリアについて', '', 'active', 5, 40, 1, 4, 10),
(12, 'Service', '', 'active', 1, 60, 0, 17, 0),
(14, 'サービス', '', 'active', 5, 60, 1, 18, 12),
(15, 'About shop', '', 'active', 10, 10, 0, 22, 0);

-- --------------------------------------------------------

--
-- Table structure for table `omc_messages`
--

CREATE TABLE IF NOT EXISTS `omc_messages` (
  `msg_id` int(11) NOT NULL AUTO_INCREMENT,
  `msg` text COLLATE utf8_unicode_ci,
  PRIMARY KEY (`msg_id`)
) ENGINE=InnoDB DEFAULT CHARSET=utf8 COLLATE=utf8_unicode_ci AUTO_INCREMENT=1 ;

-- --------------------------------------------------------

--
-- Table structure for table `omc_pages`
--

CREATE TABLE IF NOT EXISTS `omc_pages` (
  `id` int(11) unsigned NOT NULL AUTO_INCREMENT,
  `name` varchar(255) COLLATE utf8_unicode_ci NOT NULL DEFAULT '',
  `metakeyword` varchar(500) COLLATE utf8_unicode_ci NOT NULL,
  `metadesc` varchar(500) COLLATE utf8_unicode_ci NOT NULL,
  `keywords` varchar(255) COLLATE utf8_unicode_ci NOT NULL DEFAULT '',
  `description` varchar(255) COLLATE utf8_unicode_ci NOT NULL DEFAULT '',
  `path` varchar(255) COLLATE utf8_unicode_ci NOT NULL DEFAULT '',
  `content` text COLLATE utf8_unicode_ci NOT NULL,
  `status` enum('active','inactive') COLLATE utf8_unicode_ci NOT NULL DEFAULT 'active',
  `lang_id` int(2) unsigned NOT NULL,
  PRIMARY KEY (`id`)
) ENGINE=InnoDB  DEFAULT CHARSET=utf8 COLLATE=utf8_unicode_ci AUTO_INCREMENT=23 ;

--
-- Dumping data for table `omc_pages`
--

INSERT INTO `omc_pages` (`id`, `name`, `metakeyword`, `metadesc`, `keywords`, `description`, `path`, `content`, `status`, `lang_id`) VALUES
(1, 'Home', '', '', '', '', 'welcome', '<p>Content for home page. Tempor! Parturient ac sit! Aliquam dapibus, ut eros sit ac augue eu pulvinar adipiscing vel scelerisque, magnis aliquet dis diam sociis! Proin sit facilisis et et, integer, in, diam integer sit ridiculus dapibus rhoncus odio ultricies platea magnis tincidunt nec urna adipiscing, aliquet, adipiscing? Natoque? Aliquet ut, platea lacus in! Tempor hac placerat magna massa dignissim egestas turpis nec sed! Elementum in. Etiam magnis dictumst? Pulvinar mid facilisis mid enim. Dis odio enim nec. Odio in vel? Parturient vel eros! In, etiam etiam vel, pulvinar tortor, diam etiam tristique urna, porttitor habitasse, tincidunt aliquet tristique in tristique nunc mid in, rhoncus ac lacus placerat, nec urna in dis, urna et rhoncus lectus? Rhoncus nisi auctor arcu scelerisque, nec ut scelerisque.<br /><br /></p>', 'active', 0),
(3, 'About', '', '', '', '', 'about', '<p>About us.</p>\n<p>Tempor! Parturient ac sit! Aliquam dapibus, ut eros sit ac augue eu pulvinar adipiscing vel scelerisque, magnis aliquet dis diam sociis! Proin sit facilisis et et, integer, in, diam integer sit ridiculus dapibus rhoncus odio ultricies platea magnis tincidunt nec urna adipiscing, aliquet, adipiscing? Natoque?</p>\n<p>Aliquet ut, platea lacus in! Tempor hac placerat magna massa dignissim egestas turpis nec sed! Elementum in. Etiam magnis dictumst? Pulvinar mid facilisis mid enim. Dis odio enim nec. Odio in vel? Parturient vel eros! In, etiam etiam vel, pulvinar tortor, diam etiam tristique urna, porttitor habitasse, tincidunt aliquet tristique in tristique nunc mid in, rhoncus ac lacus placerat, nec urna in dis, urna et rhoncus lectus? Rhoncus nisi auctor arcu scelerisque, nec ut scelerisque.<br /><br /></p>', 'active', 0),
(4, 'セシリアについて', '', '', '', '', 'about', '<p>セシリアは</p>\n<p>Tempor! <a href="http://bbc.com">Parturient ac</a> sit! Aliquam dapibus, ut eros sit ac augue eu pulvinar adipiscing vel scelerisque, magnis aliquet dis diam sociis! Proin sit facilisis et et, integer, in, diam integer sit ridiculus dapibus rhoncus odio ultricies platea magnis tincidunt nec urna adipiscing, aliquet, adipiscing? Natoque?</p>\n<p>Aliquet ut, platea lacus in! Tempor hac placerat magna massa dignissim egestas turpis nec sed! Elementum in. Etiam magnis dictumst? Pulvinar mid facilisis mid enim. Dis odio enim nec. Odio in vel? Parturient vel eros! In, etiam etiam vel, pulvinar tortor, diam etiam tristique urna, porttitor habitasse, tincidunt aliquet tristique in tristique nunc mid in, rhoncus ac lacus placerat, nec urna in dis, urna et rhoncus lectus? Rhoncus nisi auctor arcu scelerisque, nec ut scelerisque.<br /><br /></p>', 'active', 1),
(6, 'ホーム', '', '', '', '', 'welcome', '<p>Forsiden p&aring; norsk</p>', 'active', 1),
(7, 'Contact', '', '', '', '', 'contact_us', '', 'active', 0),
(8, 'お問い合わせ', '', '', '', '', 'contact_us', '<p>Kontakt oss</p>', 'active', 1),
(17, 'Service', '', '', '', '', 'service', '<p>service content</p>\n<p>Tempor! Parturient ac sit! Aliquam dapibus, ut eros sit ac augue eu pulvinar adipiscing vel scelerisque, magnis aliquet dis diam sociis! Proin sit facilisis et et, integer, in, diam integer sit ridiculus dapibus rhoncus odio ultricies platea magnis tincidunt nec urna adipiscing, aliquet, adipiscing? Natoque?</p>\n<p>Aliquet ut, platea lacus in! Tempor hac placerat magna massa dignissim egestas turpis nec sed! Elementum in. Etiam magnis dictumst? Pulvinar mid facilisis mid enim. Dis odio enim nec. Odio in vel? Parturient vel eros! In, etiam etiam vel, pulvinar tortor, diam etiam tristique urna, porttitor habitasse, tincidunt aliquet tristique in tristique nunc mid in, rhoncus ac lacus placerat, nec urna in dis, urna et rhoncus lectus? Rhoncus nisi auctor arcu scelerisque, nec ut scelerisque.<br /><br /></p>', 'active', 0),
(18, 'サービス', '', '', '', '', 'service', '<p>サービス</p>\n<p>Tempor! Parturient ac sit! Aliquam dapibus, ut eros sit ac augue eu pulvinar adipiscing vel scelerisque, magnis aliquet dis diam sociis! Proin sit facilisis et et, integer, in, diam integer sit ridiculus dapibus rhoncus odio ultricies platea magnis tincidunt nec urna adipiscing, aliquet, adipiscing? Natoque?</p>\n<p>Aliquet ut, platea lacus in! Tempor hac placerat magna massa dignissim egestas turpis nec sed! Elementum in. Etiam magnis dictumst? Pulvinar mid facilisis mid enim. Dis odio enim nec. Odio in vel? Parturient vel eros! In, etiam etiam vel, pulvinar tortor, diam etiam tristique urna, porttitor habitasse, tincidunt aliquet tristique in tristique nunc mid in, rhoncus ac lacus placerat, nec urna in dis, urna et rhoncus lectus? Rhoncus nisi auctor arcu scelerisque, nec ut scelerisque.<br /><br /></p>', 'active', 1),
(20, 'Shopping guide', '', '', '', '', 'guide', '<p>Shopping guide content.</p>\n<p>Tempor! Parturient ac sit! Aliquam dapibus, ut eros sit ac augue eu pulvinar adipiscing vel scelerisque, magnis aliquet dis diam sociis! Proin sit facilisis et et, integer, in, diam integer sit ridiculus dapibus rhoncus odio ultricies platea magnis tincidunt nec urna adipiscing, aliquet, adipiscing?</p>\n<p>Natoque? Aliquet ut, platea lacus in! Tempor hac placerat magna massa dignissim egestas turpis nec sed! Elementum in. Etiam magnis dictumst? Pulvinar mid facilisis mid enim. Dis odio enim nec. Odio in vel? Parturient vel eros! In, etiam etiam vel, pulvinar tortor, diam etiam tristique urna, porttitor habitasse, tincidunt aliquet tristique in tristique nunc mid in, rhoncus ac lacus placerat, nec urna in dis, urna et rhoncus lectus? Rhoncus nisi auctor arcu scelerisque, nec ut scelerisque.<br /><br /></p>', 'active', 0),
(21, 'ショッピングガイド', '', '', '', '', 'guide', '<p>ショッピングガイド</p>\n<p>Tempor! Parturient ac sit! Aliquam dapibus, ut eros sit ac augue eu pulvinar adipiscing vel scelerisque, magnis aliquet dis diam sociis! Proin sit facilisis et et, integer, in, diam integer sit ridiculus dapibus rhoncus odio ultricies platea magnis tincidunt nec urna adipiscing, aliquet, adipiscing? Natoque?</p>\n<p>Aliquet ut, platea lacus in! Tempor hac placerat magna massa dignissim egestas turpis nec sed! Elementum in. Etiam magnis dictumst? Pulvinar mid facilisis mid enim. Dis odio enim nec. Odio in vel? Parturient vel eros! In, etiam etiam vel, pulvinar tortor, diam etiam tristique urna, porttitor habitasse, tincidunt aliquet tristique in tristique nunc mid in, rhoncus ac lacus placerat, nec urna in dis, urna et rhoncus lectus? Rhoncus nisi auctor arcu scelerisque, nec ut scelerisque.</p>', 'active', 1),
(22, 'About shop', '', '', '', '', 'about_shop', '<p>Content for About shop.</p>', 'active', 0);

-- --------------------------------------------------------

--
-- Table structure for table `omc_products`
--

CREATE TABLE IF NOT EXISTS `omc_products` (
  `id` int(11) unsigned NOT NULL AUTO_INCREMENT,
  `name` varchar(255) COLLATE utf8_unicode_ci NOT NULL,
  `public` int(1) NOT NULL,
  `shortdesc` varchar(255) COLLATE utf8_unicode_ci NOT NULL,
  `longdesc` text COLLATE utf8_unicode_ci NOT NULL,
  `thumbnail` varchar(255) COLLATE utf8_unicode_ci NOT NULL,
  `image` varchar(255) COLLATE utf8_unicode_ci NOT NULL,
  `product_order` int(11) unsigned DEFAULT NULL,
  `class` varchar(255) COLLATE utf8_unicode_ci DEFAULT NULL,
  `grouping` varchar(16) COLLATE utf8_unicode_ci DEFAULT NULL,
  `status` enum('active','inactive') COLLATE utf8_unicode_ci NOT NULL,
  `category_id` int(11) unsigned NOT NULL,
  `featured` enum('none','front','webshop') COLLATE utf8_unicode_ci NOT NULL,
  `other_feature` enum('none','most sold','new product') COLLATE utf8_unicode_ci NOT NULL,
  `price` float(7,2) NOT NULL,
  `lang_id` int(2) unsigned NOT NULL,
  `table_id` int(11) unsigned NOT NULL,
  PRIMARY KEY (`id`)
) ENGINE=InnoDB  DEFAULT CHARSET=utf8 COLLATE=utf8_unicode_ci AUTO_INCREMENT=18 ;

--
-- Dumping data for table `omc_products`
--

INSERT INTO `omc_products` (`id`, `name`, `public`, `shortdesc`, `longdesc`, `thumbnail`, `image`, `product_order`, `class`, `grouping`, `status`, `category_id`, `featured`, `other_feature`, `price`, `lang_id`, `table_id`) VALUES
(1, 'Fairy', 1, '', '<p>Tempor! Parturient ac sit! Aliquam dapibus, ut eros sit ac augue eu pulvinar adipiscing vel scelerisque, magnis aliquet dis diam sociis! Proin sit facilisis et et, integer, in, diam integer sit ridiculus dapibus rhoncus odio ultricies platea magnis tincidunt nec urna adipiscing, aliquet, adipiscing?</p>\n<p>Natoque? Aliquet ut, platea lacus in! Tempor hac placerat magna massa dignissim egestas turpis nec sed! Elementum in. Etiam magnis dictumst? Pulvinar mid facilisis mid enim.</p>\n<p>Dis odio enim nec. Odio in vel? Parturient vel eros! In, etiam etiam vel, pulvinar tortor, diam etiam tristique urna, porttitor habitasse, tincidunt aliquet tristique in tristique nunc mid in, rhoncus ac lacus placerat, nec urna in dis, urna et rhoncus lectus? Rhoncus nisi auctor arcu scelerisque, nec ut scelerisque.</p>', '<p><img src="../../../../assets/images/cd/thumbnails/114x207_11.jpg" alt="" width="114" height="207" /></p>', '<p><img src="../../../../assets/images/cd/242x440_11.jpg" alt="" width="242" height="440" /></p>', 0, '', '', 'active', 2, 'webshop', 'most sold', 200.00, 0, 1),
(2, '妖精', 1, '', '<p>妖精</p>\n<p>Tempor! Parturient ac sit! Aliquam dapibus, ut eros sit ac augue eu pulvinar adipiscing vel scelerisque, magnis aliquet dis diam sociis! Proin sit facilisis et et, integer, in, diam integer sit ridiculus dapibus rhoncus odio ultricies platea magnis tincidunt nec urna adipiscing, aliquet, adipiscing? Natoque?</p>\n<p>Aliquet ut, platea lacus in! Tempor hac placerat magna massa dignissim egestas turpis nec sed! Elementum in. Etiam magnis dictumst? Pulvinar mid facilisis mid enim. Dis odio enim nec.</p>\n<p>Odio in vel? Parturient vel eros! In, etiam etiam vel, pulvinar tortor, diam etiam tristique urna, porttitor habitasse, tincidunt aliquet tristique in tristique nunc mid in, rhoncus ac lacus placerat, nec urna in dis, urna et rhoncus lectus? Rhoncus nisi auctor arcu scelerisque, nec ut scelerisque.</p>', '<p><img src="../../../../assets/images/cd/thumbnails/114x207_11.jpg" alt="" width="114" height="207" /></p>', '<p><img src="../../../../assets/images/cd/242x440_11.jpg" alt="" width="242" height="440" /></p>', 0, '', '', 'active', 16, 'webshop', 'most sold', 40.00, 1, 1),
(3, 'Meditation', 1, 'meditation ', '', '<p><img src="../../../../assets/images/books/thumbnails/114x207_6.jpg" alt="" width="114" height="207" /></p>', '<p><img src="../../../../assets/images/books/242x440_6.jpg" alt="" width="242" height="440" /></p>', 0, '', '', 'active', 7, 'webshop', 'most sold', 400.00, 0, 3),
(4, '瞑想', 1, '<p>medtation en</p>', '', '<p><img src="../../../../assets/images/books/thumbnails/114x207_6.jpg" alt="" width="114" height="207" /></p>', '<p><img src="../../../../assets/images/books/242x440_6.jpg" alt="" width="242" height="440" /></p>', 0, '', '', 'active', 15, 'webshop', 'most sold', 700.00, 1, 3),
(5, 'Kawa', 1, '', '<p>Tempor! Parturient ac sit! Aliquam dapibus, ut eros sit ac augue eu pulvinar adipiscing vel scelerisque, magnis aliquet dis diam sociis! Proin sit facilisis et et, integer, in, diam integer sit ridiculus dapibus rhoncus odio ultricies platea magnis tincidunt nec urna adipiscing, aliquet, adipiscing?</p>\n<p>Natoque? Aliquet ut, platea lacus in! Tempor hac placerat magna massa dignissim egestas turpis nec sed! Elementum in. Etiam magnis dictumst? Pulvinar mid facilisis mid enim.</p>\n<p>Dis odio enim nec. Odio in vel? Parturient vel eros! In, etiam etiam vel, pulvinar tortor, diam etiam tristique urna, porttitor habitasse, tincidunt aliquet tristique in tristique nunc mid in, rhoncus ac lacus placerat, nec urna in dis, urna et rhoncus lectus? Rhoncus nisi auctor arcu scelerisque, nec ut scelerisque.</p>', '<p><img src="../../../../assets/images/cd/thumbnails/114x207_12.jpg" alt="" width="114" height="207" /></p>', '<p><img src="../../../../assets/images/cd/242x440_12.jpg" alt="" width="242" height="440" /></p>', 0, '', '', 'active', 11, 'webshop', 'new product', 30.00, 0, 5),
(8, '川', 1, '', '', '<p><img src="../../../../assets/images/cd/thumbnails/114x207_12.jpg" alt="" width="114" height="207" /></p>', '<p><img src="../../../../assets/images/cd/242x440_12.jpg" alt="" width="242" height="440" /></p>', 0, '', '', 'active', 14, 'webshop', 'most sold', 340.00, 1, 5),
(9, 'Blue angels', 1, '', '<p>Tempor! Parturient ac sit! Aliquam dapibus, ut eros sit ac augue eu pulvinar adipiscing vel scelerisque, magnis aliquet dis diam sociis! Proin sit facilisis et et, integer, in, diam integer sit ridiculus dapibus rhoncus odio ultricies platea magnis tincidunt nec urna adipiscing, aliquet, adipiscing?</p>', '<p><img src="../../../assets/images/books/thumbnails/114x207_6.jpg" alt="" width="114" height="207" /></p>', '<p><img src="../../../assets/images/books/242x440_6.jpg" alt="" width="242" height="440" /></p>', 0, '', '', 'active', 17, 'webshop', 'most sold', 0.00, 0, 9),
(10, '青い妖精', 1, '', '<p>Tempor! Parturient ac sit! Aliquam dapibus, ut eros sit ac augue eu pulvinar adipiscing vel scelerisque, magnis aliquet dis diam sociis! Proin sit facilisis et et, integer, in, diam integer sit ridiculus dapibus rhoncus odio ultricies platea magnis tincidunt nec urna adipiscing, aliquet, adipiscing?</p>', '<p><img src="../../../assets/images/books/thumbnails/114x207_6.jpg" alt="" width="114" height="207" /></p>', '<p><img src="../../../assets/images/books/242x440_6.jpg" alt="" width="242" height="440" /></p>', 0, '', '', 'active', 19, 'webshop', 'most sold', 340.00, 1, 9),
(11, 'Hello everyone', 1, '', '<p>Tempor! Parturient ac sit! Aliquam dapibus, ut eros sit ac augue eu pulvinar adipiscing vel scelerisque, magnis aliquet dis diam sociis! Proin sit facilisis et et, integer, in, diam integer sit ridiculus dapibus rhoncus odio ultricies platea magnis tincidunt nec urna adipiscing, aliquet, adipiscing?</p>', '<p><img src="../../../assets/images/books/thumbnails/114x207_13.jpg" alt="" width="114" height="207" /></p>', '<p><img src="../../../assets/images/books/242x440_13.jpg" alt="" width="242" height="440" /></p>', 50, '', '', 'active', 7, 'webshop', 'most sold', 40.00, 0, 11),
(12, 'Hi på deg', 1, '', '<p>Tempor! Parturient ac sit! Aliquam dapibus, ut eros sit ac augue eu pulvinar adipiscing vel scelerisque, magnis aliquet dis diam sociis! Proin sit facilisis et et, integer, in, diam integer sit ridiculus dapibus rhoncus odio ultricies platea magnis tincidunt nec urna adipiscing, aliquet, adipiscing?</p>', '<p><img src="../../../assets/images/books/thumbnails/114x207_13.jpg" alt="" width="114" height="207" /></p>', '<p><img src="../../../assets/images/books/242x440_13.jpg" alt="" width="242" height="440" /></p>', 50, '', '', 'active', 15, 'webshop', 'most sold', 340.00, 1, 11),
(13, 'Mt Fuji', 1, '', '', '<p><img src="../../../../assets/images/books/thumbnails/114x207_14.jpg" alt="" width="114" height="207" /></p>', '<p><img src="../../../../assets/images/books/242x440_14.jpg" alt="" width="242" height="440" /></p>', 60, '', '', 'active', 9, 'webshop', 'none', 50.00, 0, 13),
(14, 'Mt Fuji', 1, '', '<p>Tempor! Parturient ac sit! Aliquam dapibus, ut eros sit ac augue eu pulvinar adipiscing vel scelerisque, magnis aliquet dis diam sociis! Proin sit facilisis et et, integer, in, diam integer sit ridiculus dapibus rhoncus odio ultricies platea magnis tincidunt nec urna adipiscing.</p>', '<p><img src="../../../../assets/images/books/thumbnails/114x207_14.jpg" alt="" width="114" height="207" /></p>', '<p><img src="../../../../assets/images/books/242x440_14.jpg" alt="" width="242" height="440" /></p>', 60, '', '', 'active', 13, 'webshop', 'none', 230.00, 1, 13),
(15, 'Go Harry', 1, '', '<p>Tempor! Parturient ac sit! Aliquam dapibus, ut eros sit ac augue eu pulvinar adipiscing vel scelerisque, magnis aliquet dis diam sociis! Proin sit facilisis et et, integer, in, diam integer sit ridiculus dapibus rhoncus odio ultricies platea magnis tincidunt nec urna adipiscing, aliquet,</p>', '<p><img src="../../../assets/images/cd/thumbnails/114x207_11.jpg" alt="" width="114" height="207" /></p>', '<p><img src="../../../assets/images/cd/242x440_11.jpg" alt="" width="242" height="440" /></p>', 80, '', '', 'active', 20, 'webshop', 'most sold', 50.00, 0, 15),
(16, 'Gå Harry', 1, '', '<p>Tempor! Parturient ac sit! Aliquam dapibus, ut eros sit ac augue eu pulvinar adipiscing vel scelerisque, magnis aliquet dis diam sociis! Proin sit facilisis et et, integer, in, diam integer sit ridiculus dapibus rhoncus odio ultricies platea magnis tincidunt nec urna adipiscing, aliquet,</p>', '<p><img src="../../../assets/images/cd/thumbnails/114x207_11.jpg" alt="" width="114" height="207" /></p>', '<p><img src="../../../assets/images/cd/242x440_11.jpg" alt="" width="242" height="440" /></p>', 80, '', '', 'active', 7, 'webshop', 'most sold', 220.00, 1, 15),
(17, 'Amazon river', 1, '', '<p>Long desc</p>', '', '', 70, '', '', 'active', 11, 'none', 'none', 0.00, 0, 17);

-- --------------------------------------------------------

--
-- Table structure for table `omc_product_colors`
--

CREATE TABLE IF NOT EXISTS `omc_product_colors` (
  `product_id` int(11) NOT NULL,
  `color_id` int(11) NOT NULL,
  PRIMARY KEY (`product_id`,`color_id`)
) ENGINE=InnoDB DEFAULT CHARSET=utf8 COLLATE=utf8_unicode_ci;

-- --------------------------------------------------------

--
-- Table structure for table `omc_product_sizes`
--

CREATE TABLE IF NOT EXISTS `omc_product_sizes` (
  `product_id` int(11) NOT NULL,
  `size_id` int(11) NOT NULL,
  PRIMARY KEY (`product_id`,`size_id`)
) ENGINE=InnoDB DEFAULT CHARSET=utf8 COLLATE=utf8_unicode_ci;

-- --------------------------------------------------------

--
-- Table structure for table `omc_sizes`
--

CREATE TABLE IF NOT EXISTS `omc_sizes` (
  `id` int(11) NOT NULL AUTO_INCREMENT,
  `name` varchar(32) COLLATE utf8_unicode_ci NOT NULL,
  `status` enum('active','inactive') COLLATE utf8_unicode_ci NOT NULL,
  PRIMARY KEY (`id`)
) ENGINE=InnoDB DEFAULT CHARSET=utf8 COLLATE=utf8_unicode_ci AUTO_INCREMENT=1 ;

-- --------------------------------------------------------

--
-- Table structure for table `omc_slideshow`
--

CREATE TABLE IF NOT EXISTS `omc_slideshow` (
  `id` int(11) unsigned NOT NULL AUTO_INCREMENT,
  `name` varchar(255) COLLATE utf8_unicode_ci NOT NULL,
  `shortdesc` varchar(255) COLLATE utf8_unicode_ci NOT NULL,
  `longdesc` text COLLATE utf8_unicode_ci NOT NULL,
  `thumbnail` varchar(255) COLLATE utf8_unicode_ci NOT NULL,
  `image` varchar(255) COLLATE utf8_unicode_ci NOT NULL,
  `slide_order` int(11) unsigned DEFAULT NULL,
  `status` enum('active','inactive') COLLATE utf8_unicode_ci NOT NULL,
  `featured` enum('none','front','webshop') COLLATE utf8_unicode_ci NOT NULL,
  PRIMARY KEY (`id`)
) ENGINE=InnoDB  DEFAULT CHARSET=utf8 COLLATE=utf8_unicode_ci AUTO_INCREMENT=7 ;

--
-- Dumping data for table `omc_slideshow`
--

INSERT INTO `omc_slideshow` (`id`, `name`, `shortdesc`, `longdesc`, `thumbnail`, `image`, `slide_order`, `status`, `featured`) VALUES
(1, 'big_tree.jpg', '<p>slide 1</p>', '', '', '<p><img src="../../../../assets/images/frontpage/big_tree.jpg" alt="" width="516" height="200" /></p>', 10, 'active', 'none'),
(2, 'build.jpg', '<p>slide2 desc</p>', '', '', '<p><img src="../../../../assets/images/frontpage/build.jpg" alt="" width="516" height="200" /></p>', 20, 'active', 'none'),
(6, 'station.jpg', '', '', '', '<p><img src="../../../../assets/images/frontpage/station.jpg" alt="" width="516" height="200" /></p>', 30, 'active', 'none');

-- --------------------------------------------------------

--
-- Table structure for table `omc_subscribers`
--

CREATE TABLE IF NOT EXISTS `omc_subscribers` (
  `id` int(11) NOT NULL AUTO_INCREMENT,
  `name` varchar(255) COLLATE utf8_unicode_ci NOT NULL,
  `email` varchar(255) COLLATE utf8_unicode_ci NOT NULL,
  PRIMARY KEY (`id`)
) ENGINE=InnoDB  DEFAULT CHARSET=utf8 COLLATE=utf8_unicode_ci AUTO_INCREMENT=4 ;

--
-- Dumping data for table `omc_subscribers`
--

INSERT INTO `omc_subscribers` (`id`, `name`, `email`) VALUES
(1, 'shin', 'admin@gmail.com'),
(3, 'sokada', 'test1@gmail.com');

-- --------------------------------------------------------

--
-- Table structure for table `shoutbox`
--

CREATE TABLE IF NOT EXISTS `shoutbox` (
  `id` int(5) NOT NULL AUTO_INCREMENT,
  `date` timestamp NOT NULL DEFAULT CURRENT_TIMESTAMP,
  `user` varchar(25) COLLATE utf8_unicode_ci NOT NULL DEFAULT 'anonimous',
  `user_id` int(25) NOT NULL,
  `message` varchar(255) COLLATE utf8_unicode_ci NOT NULL DEFAULT '',
  `status` enum('to do','completed') COLLATE utf8_unicode_ci NOT NULL DEFAULT 'to do',
  `privacy` enum('public','private') COLLATE utf8_unicode_ci NOT NULL DEFAULT 'public',
  PRIMARY KEY (`id`)
) ENGINE=InnoDB DEFAULT CHARSET=utf8 COLLATE=utf8_unicode_ci AUTO_INCREMENT=1 ;

--
-- Constraints for dumped tables
--

--
-- Constraints for table `admin`
--
ALTER TABLE `admin`
  ADD CONSTRAINT `admin_ibfk_1` FOREIGN KEY (`currency_id`) REFERENCES `is_currency` (`c_id`);

--
-- Constraints for table `be_acl_permissions`
--
ALTER TABLE `be_acl_permissions`
  ADD CONSTRAINT `be_acl_permissions_ibfk_1` FOREIGN KEY (`aro_id`) REFERENCES `be_acl_groups` (`id`) ON DELETE CASCADE,
  ADD CONSTRAINT `be_acl_permissions_ibfk_2` FOREIGN KEY (`aco_id`) REFERENCES `be_acl_resources` (`id`) ON DELETE CASCADE;

--
-- Constraints for table `be_acl_permission_actions`
--
ALTER TABLE `be_acl_permission_actions`
  ADD CONSTRAINT `be_acl_permission_actions_ibfk_1` FOREIGN KEY (`access_id`) REFERENCES `be_acl_permissions` (`id`) ON DELETE CASCADE,
  ADD CONSTRAINT `be_acl_permission_actions_ibfk_2` FOREIGN KEY (`axo_id`) REFERENCES `be_acl_actions` (`id`) ON DELETE CASCADE;

--
-- Constraints for table `be_groups`
--
ALTER TABLE `be_groups`
  ADD CONSTRAINT `be_groups_ibfk_1` FOREIGN KEY (`id`) REFERENCES `be_acl_groups` (`id`) ON DELETE CASCADE;

--
-- Constraints for table `be_resources`
--
ALTER TABLE `be_resources`
  ADD CONSTRAINT `be_resources_ibfk_1` FOREIGN KEY (`id`) REFERENCES `be_acl_resources` (`id`) ON DELETE CASCADE;

--
-- Constraints for table `be_users`
--
ALTER TABLE `be_users`
  ADD CONSTRAINT `be_users_ibfk_1` FOREIGN KEY (`group`) REFERENCES `be_acl_groups` (`id`) ON DELETE SET NULL;

--
-- Constraints for table `is_account_setting`
--
ALTER TABLE `is_account_setting`
  ADD CONSTRAINT `is_account_setting_ibfk_1` FOREIGN KEY (`c_id`) REFERENCES `is_currency` (`c_id`);

--
-- Constraints for table `is_rate`
--
ALTER TABLE `is_rate`
  ADD CONSTRAINT `is_rate_ibfk_1` FOREIGN KEY (`c_id_src`) REFERENCES `is_currency` (`c_id`),
  ADD CONSTRAINT `is_rate_ibfk_2` FOREIGN KEY (`c_id_dst`) REFERENCES `is_currency` (`c_id`);

/*!40101 SET CHARACTER_SET_CLIENT=@OLD_CHARACTER_SET_CLIENT */;
/*!40101 SET CHARACTER_SET_RESULTS=@OLD_CHARACTER_SET_RESULTS */;
/*!40101 SET COLLATION_CONNECTION=@OLD_COLLATION_CONNECTION */;
