-- phpMyAdmin SQL Dump
-- version 3.4.5
-- http://www.phpmyadmin.net
--
-- Host: localhost
-- Generation Time: Oct 15, 2012 at 06:18 AM
-- Server version: 5.5.16
-- PHP Version: 5.3.8

SET SQL_MODE="NO_AUTO_VALUE_ON_ZERO";
SET time_zone = "+00:00";


/*!40101 SET @OLD_CHARACTER_SET_CLIENT=@@CHARACTER_SET_CLIENT */;
/*!40101 SET @OLD_CHARACTER_SET_RESULTS=@@CHARACTER_SET_RESULTS */;
/*!40101 SET @OLD_COLLATION_CONNECTION=@@COLLATION_CONNECTION */;
/*!40101 SET NAMES utf8 */;

--
-- Database: `unc`
--

-- --------------------------------------------------------

--
-- Table structure for table `unc_ads`
--

CREATE TABLE IF NOT EXISTS `unc_ads` (
  `ads_id` int(5) NOT NULL AUTO_INCREMENT,
  `ads_banner` varchar(500) NOT NULL DEFAULT '',
  `ads_position` varchar(60) NOT NULL DEFAULT '',
  `ads_name` varchar(100) NOT NULL DEFAULT '',
  `ads_link` varchar(200) NOT NULL DEFAULT '',
  `ads_start_date` datetime NOT NULL DEFAULT '0000-00-00 00:00:00',
  `ads_end_date` datetime NOT NULL DEFAULT '0000-00-00 00:00:00',
  PRIMARY KEY (`ads_id`)
) ENGINE=InnoDB DEFAULT CHARSET=utf8 AUTO_INCREMENT=1 ;

-- --------------------------------------------------------

--
-- Table structure for table `unc_category`
--

CREATE TABLE IF NOT EXISTS `unc_category` (
  `category_id` int(5) NOT NULL AUTO_INCREMENT,
  `category_name` varchar(100) NOT NULL DEFAULT '',
  `category_parent_id` int(5) NOT NULL DEFAULT '0',
  `is_active` tinyint(1) NOT NULL DEFAULT '1',
  PRIMARY KEY (`category_id`)
) ENGINE=InnoDB  DEFAULT CHARSET=utf8 AUTO_INCREMENT=3 ;

--
-- Dumping data for table `unc_category`
--

INSERT INTO `unc_category` (`category_id`, `category_name`, `category_parent_id`, `is_active`) VALUES
(1, 'da chieu', 0, 1),
(2, 'tin the thao', 0, 1);

-- --------------------------------------------------------

--
-- Table structure for table `unc_counting`
--

CREATE TABLE IF NOT EXISTS `unc_counting` (
  `day` int(2) NOT NULL DEFAULT '0',
  `month` int(2) NOT NULL DEFAULT '0',
  `year` int(4) NOT NULL DEFAULT '0',
  `access` int(11) NOT NULL DEFAULT '0'
) ENGINE=InnoDB DEFAULT CHARSET=utf8 COLLATE=utf8_unicode_ci;

--
-- Dumping data for table `unc_counting`
--

INSERT INTO `unc_counting` (`day`, `month`, `year`, `access`) VALUES
(14, 10, 2012, 7),
(13, 10, 2012, 10),
(1, 11, 2012, 50),
(15, 11, 2012, 21);

-- --------------------------------------------------------

--
-- Table structure for table `unc_manage_category`
--

CREATE TABLE IF NOT EXISTS `unc_manage_category` (
  `user_id` int(5) NOT NULL,
  `category_id` int(5) NOT NULL
) ENGINE=InnoDB DEFAULT CHARSET=utf8;

--
-- Dumping data for table `unc_manage_category`
--

INSERT INTO `unc_manage_category` (`user_id`, `category_id`) VALUES
(3, 2),
(5, 2),
(5, 1),
(7, 1),
(7, 2);

-- --------------------------------------------------------

--
-- Table structure for table `unc_news`
--

CREATE TABLE IF NOT EXISTS `unc_news` (
  `news_id` bigint(20) unsigned NOT NULL AUTO_INCREMENT,
  `news_title` text NOT NULL,
  `news_summary` text NOT NULL,
  `news_content` longtext NOT NULL,
  `news_author` varchar(100) NOT NULL DEFAULT '',
  `news_post_date` datetime NOT NULL DEFAULT '0000-00-00 00:00:00',
  `news_modified_date` datetime NOT NULL DEFAULT '0000-00-00 00:00:00',
  `news_status` varchar(20) NOT NULL DEFAULT 'Chưa duyệt',
  `category_id` int(5) NOT NULL DEFAULT '0',
  PRIMARY KEY (`news_id`)
) ENGINE=InnoDB  DEFAULT CHARSET=utf8 AUTO_INCREMENT=23 ;

--
-- Dumping data for table `unc_news`
--

INSERT INTO `unc_news` (`news_id`, `news_title`, `news_summary`, `news_content`, `news_author`, `news_post_date`, `news_modified_date`, `news_status`, `category_id`) VALUES
(2, ' Đẩy trách nhiệm và “treo” lời hứa ', '<p>(D&acirc;n tr&iacute;) - Trong phi&ecirc;n chất vấn kỳ họp thứ 6 HĐND TPHCM kh&oacute;a VIII, nhiều băn khoăn cụ thể được n&ecirc;u như vấn đề thiếu trường lớp, quy hoạch &quot;treo&quot; nhưng những c&acirc;u trả lời chung chung mang t&iacute;nh đ&ugrave;n đẩy tr&aacute;ch nhiệm khiến c&aacute;c đại biểu chưa thỏa m&atilde;n.<br /><a href="http://dantri.com.vn/c20/s20-647966/Hop-HDD-TPHCM-Tra-loi-chat-van-ve-quy-hoach-do-thi.htm"><b>&nbsp;&gt;&gt;&nbsp;Họp HĐND TPHCM: Trả lời chất vấn về quy hoạch đ&ocirc; thị</b></a></p>', '<div class="fon34 mt3 mr2 fon43">\r\n<p class="MsoNormal" style="TEXT-ALIGN: justify; mso-margin-top-alt: auto; mso-margin-bottom-alt: auto"><span style="FONT-WEIGHT: bold">Chất vấn cụ thể</span></p>\r\n<p class="MsoNormal" style="mso-margin-top-alt: auto; mso-margin-bottom-alt: auto" align="left">Bắt đầu phi&ecirc;n chất vấn s&aacute;ng nay, c&aacute;c đại biểu HĐND TPHCM v&agrave; cử tri TP n&ecirc;u ra từng vấn đề, dự &aacute;n &ldquo;treo&rdquo; cụ thể y&ecirc;u cầu c&aacute;c ban ng&agrave;nh chức năng trả lời v&agrave; t&igrave;m biện ph&aacute;p giải quyết.</p>\r\n<p class="MsoNormal" style="TEXT-ALIGN: justify; mso-margin-top-alt: auto; mso-margin-bottom-alt: auto">Đại biểu Trần Văn Thiện quan t&acirc;m đến vấn đề di dời c&aacute;c trường đại học ra khỏi nội th&agrave;nh. &Ocirc;ng hỏi: &ldquo;Ch&iacute;nh s&aacute;ch đ&atilde; c&oacute; từ l&acirc;u rồi nhưng chưa thấy tiến triển. Th&agrave;nh phố c&oacute; giải ph&aacute;p n&agrave;o hỗ trợ c&aacute;c trường trong c&ocirc;ng t&aacute;c n&agrave;y kh&ocirc;ng?&rdquo;.</p>\r\n<p class="MsoNormal" style="TEXT-ALIGN: justify; mso-margin-top-alt: auto; mso-margin-bottom-alt: auto">&nbsp;</p>\r\n<div style="TEXT-ALIGN: center"><span style="FONT-SIZE: 10pt; FONT-FAMILY: Tahoma"><img style="MARGIN: 5px" src="http://dantri4.vcmedia.vn/ZIBfP10h1bNGDgMRbGR/Image/2012/10/hdnd_5.10.2012.1-65ce8.JPG" width="448" align="center" _fl="" alt="C&aacute;c đại biểu đều hỏi những vấn đề rất cụ thể" /></span></div>\r\n<div style="TEXT-ALIGN: center"><span style="FONT-SIZE: 10pt; FONT-FAMILY: Tahoma">C&aacute;c đại biểu đều hỏi những vấn đề rất cụ thể</span></div>\r\n<p>&nbsp;</p>\r\n<p class="MsoNormal" style="mso-margin-top-alt: auto; mso-margin-bottom-alt: auto" align="left">Đại biểu L&ecirc; Hồng Sơn th&igrave; quan t&acirc;m đến quy hoạch gi&aacute;o dục tr&ecirc;n địa b&agrave;n th&agrave;nh phố, nhiều địa phương thiếu trường, lớp học. &Ocirc;ng n&oacute;i: &ldquo;Ch&uacute;ng ta kh&ocirc;ng chỉ t&iacute;nh lượng người cư tr&uacute;, tạm tr&uacute; d&agrave;i hạn. Ch&uacute;ng ta phải t&iacute;nh cả lượng người nhập cư nữa chứ!&rdquo;.</p>\r\n<p class="MsoNormal" style="mso-margin-top-alt: auto; mso-margin-bottom-alt: auto" align="left">Về quy hoạch &ldquo;treo&rdquo;, đại biểu L&ecirc; Hồng Sơn n&ecirc;u cụ thể trường hợp của trường THPT Telơman tr&ecirc;n đường Trần Hưng Đạo, trường n&agrave;y nằm trong diện t&iacute;ch quy hoạch khu tam gi&aacute;c v&agrave;ng Trần Hưng Đạo. &Ocirc;ng đề nghị: &ldquo;Trường Telơman đến nay chưa được di dời, trường th&igrave; xuống cấp trầm trọng nhưng kh&ocirc;ng được sửa chữa. N&ecirc;n sớm c&oacute; giải ph&aacute;p để đảm bảo t&iacute;nh mạng, an to&agrave;n cho h&agrave;ng ng&agrave;n gi&aacute;o vi&ecirc;n, học sinh ở trường n&agrave;y&rdquo;.</p>\r\n<p class="MsoNormal" style="mso-margin-top-alt: auto; mso-margin-bottom-alt: auto" align="left">Đại biểu Phạm Văn B&aacute; n&ecirc;u trường hợp khu c&ocirc;ng nghiệp Xu&acirc;n Thới Thượng ở H&oacute;c M&ocirc;n. &Ocirc;ng cho biết khu c&ocirc;ng nghiệp n&agrave;y quy hoạch từ 2004 đến nay l&agrave; gần 10 năm rồi, thay đổi nhiều chủ đầu tư nhưng chưa đ&acirc;u v&agrave;o đ&acirc;u. &Ocirc;ng chất vấn: &ldquo;C&aacute;c dự &aacute;n nh&agrave; ở giao đất 3 năm nhưng chưa thực hiện th&igrave; thu hồi v&agrave; chỉ cho gia hạn 1 lần tối đa 12 th&aacute;ng. Dự &aacute;n n&agrave;y th&igrave; sao? Cần l&agrave;m r&otilde; l&agrave; được gia hạn bao nhi&ecirc;u lần? Những dự &aacute;n tương tự như thế n&agrave;y cũng cần t&iacute;nh tới&rdquo;.</p>\r\n<p class="MsoNormal" style="mso-margin-top-alt: auto; mso-margin-bottom-alt: auto" align="left">Qua điện thoại, cử tri Đỗ Văn B&aacute; ngụ tại ấp 4, x&atilde; Phước Lộc, huyện Nh&agrave; B&egrave; chất vấn: &ldquo;Hẻm 20, ấp 4 của ch&uacute;ng t&ocirc;i l&agrave; đất đ&atilde; quy hoạch c&ocirc;ng vi&ecirc;n c&acirc;y xanh. Nh&agrave; ch&uacute;ng t&ocirc;i đ&atilde; chuyển thổ cư rồi, đang t&iacute;nh cất nh&agrave; bằng giấy ph&eacute;p tạm. Nhưng t&ocirc;i xin hỏi dự &aacute;n n&agrave;y đ&atilde; treo 11 năm rồi, đến bao giờ sẽ l&agrave;m? Nếu lỡ như giờ tui l&agrave;m nh&agrave; sang năm thực hiện quy hoạch chẳng lẽ phải đập bỏ, kh&ocirc;ng được bồi thường, thiệt hại cho d&acirc;n th&igrave; tr&aacute;ch nhiệm của ai? Xin th&agrave;nh phố cho biết r&otilde; l&agrave; dự &aacute;n n&agrave;y bao giờ thực hiện?&rdquo;.</p>\r\n<p class="MsoNormal" style="mso-margin-top-alt: auto; mso-margin-bottom-alt: auto" align="left">Cử tri Nguyễn Thị Ro&agrave;i ngụ x&atilde; T&acirc;n Qu&yacute; T&acirc;y, huyện B&igrave;nh Ch&aacute;nh hỏi: &ldquo;Dự &aacute;n Bến xe miền T&acirc;y c&oacute; tiếp tục thực hiện hay kh&ocirc;ng? Vừa qua t&ocirc;i nghe n&oacute;i l&agrave; sắp tới di dời bến xe sang x&atilde; T&acirc;n T&uacute;c, vậy c&oacute; tiếp tục l&agrave;m ở x&atilde; T&acirc;n Qu&yacute; T&acirc;y hay kh&ocirc;ng? Xin trả lời cho người d&acirc;n y&ecirc;n t&acirc;m cất nh&agrave;, bu&ocirc;n b&aacute;n...&rdquo;.</p>\r\n<p class="MsoNormal" style="mso-margin-top-alt: auto; mso-margin-bottom-alt: auto" align="left">Một cử tri ở tứ gi&aacute;c Nguyễn Cư Trinh (quận 1) th&igrave; bức x&uacute;c: &ldquo;Nh&agrave; t&ocirc;i đ&atilde; l&agrave;m hồ sơ giải tỏa l&acirc;u rồi, mỗi năm lại l&agrave;m hồ sơ 1 lần. Xin cho biết bao giờ giải tỏa cho d&acirc;n y&ecirc;n t&acirc;m l&agrave;m ăn, chứ mỗi năm mỗi lần l&agrave;m hồ sơ m&agrave; kh&ocirc;ng thấy giải tỏa g&igrave; hết, l&agrave;m sao ch&uacute;ng t&ocirc;i l&agrave;m ăn&rdquo;.</p>\r\n<p class="MsoNormal" style="TEXT-ALIGN: justify; mso-margin-top-alt: auto; mso-margin-bottom-alt: auto"><span style="FONT-WEIGHT: bold">Trả lời chung chung v&agrave;... &ldquo;đẩy&rdquo; lung tung<!--?xml:namespace prefix = o /--><o:p></o:p></span></p>\r\n<p class="MsoNormal" style="mso-margin-top-alt: auto; mso-margin-bottom-alt: auto" align="left">Đ&aacute;p lại những chất vấn đề bức x&uacute;c của cử tri v&agrave; đại biểu HĐND TP l&agrave; những c&acirc;u trả lời hết sức chung chung của người c&oacute; tr&aacute;ch nhiệm trả lời chất vấn.</p>\r\n<p class="MsoNormal" style="mso-margin-top-alt: auto; mso-margin-bottom-alt: auto" align="left">Mở đ&acirc;u phần trả lời chất vấn của m&igrave;nh, Gi&aacute;m đốc Sở Quy hoạch Kiến tr&uacute;c Trần Ch&iacute; Dũng mất hết 5 ph&uacute;t để giải th&iacute;ch cho c&aacute;c đại biểu biết c&ocirc;ng t&aacute;c quy hoạch l&agrave; thế n&agrave;o v&agrave; kết luận mục đ&iacute;ch &ldquo;rất cao cả&rdquo; của quy hoạch l&agrave;: &ldquo;Tạo lập m&ocirc;i trường sống v&agrave; l&agrave;m việc cho người d&acirc;n ng&agrave;y c&agrave;ng tốt hơn&rdquo;.</p>\r\n<p class="MsoNormal" style="TEXT-ALIGN: justify; mso-margin-top-alt: auto; mso-margin-bottom-alt: auto">&nbsp;</p>\r\n<div style="TEXT-ALIGN: center"><span style="FONT-SIZE: 10pt; FONT-FAMILY: Tahoma"><img style="MARGIN: 5px" src="http://dantri4.vcmedia.vn/ZIBfP10h1bNGDgMRbGR/Image/2012/10/hdnd_5.10.2012.2-65ce8.JPG" width="448" align="center" _fl="" alt="Người trả lời chất vấn lại trả lời chung chung" /></span></div>\r\n<div style="TEXT-ALIGN: center"><span style="FONT-SIZE: 10pt; FONT-FAMILY: Tahoma">Người trả lời chất vấn lại trả lời chung chung</span></div>\r\n<p>&nbsp;</p>\r\n<p class="MsoNormal" style="mso-margin-top-alt: auto; mso-margin-bottom-alt: auto" align="left">&Ocirc;ng Dũng khẳng định những đồ &aacute;n quy hoạch chi tiết đều được r&agrave; so&aacute;t thường xuy&ecirc;n v&agrave; c&oacute; những điều chỉnh th&iacute;ch hợp trong từng trường hợp. &Ocirc;ng cho biết: &ldquo;C&aacute;c dự &aacute;n đ&atilde; c&oacute; quy hoạch chi tiết, được duyệt trong thời gian 3 năm kh&ocirc;ng triển khai thực hiện sẽ được r&agrave; so&aacute;t, điều chỉnh quy hoạch theo quy định. Việc n&agrave;y th&agrave;nh phố l&agrave;m rất t&iacute;ch cực v&agrave; đ&atilde; điều chỉnh nhiều đồ &aacute;n chi tiết&rdquo;.</p>\r\n<p class="MsoNormal" style="mso-margin-top-alt: auto; mso-margin-bottom-alt: auto" align="left">Tuy nhi&ecirc;n, &ocirc;ng tuyệt kh&ocirc;ng nhắc g&igrave; đến c&aacute;c dự &aacute;n bị treo 8 năm, 10 năm, 11 năm&hellip; cụ thể m&agrave; cử tri v&agrave; đại biểu chất vấn. Chủ tịch HĐND TP Nguyễn Thị Quyết T&acirc;m phải nhắc nhở &ocirc;ng trả lời cụ thể bức x&uacute;c của cử tri Đỗ Văn B&aacute; ở Nh&agrave; B&egrave;: &ldquo;Cử tri lo lắng l&agrave; lộ tr&igrave;nh của quy hoạch kh&ocirc;ng được c&ocirc;ng khai, nếu vừa x&acirc;y dựng xong m&agrave; thực hiện quy hoạch sẽ kh&ocirc;ng bồi thường cho người d&acirc;n. Tr&aacute;ch nhiệm đ&oacute; như thế n&agrave;o? Đề nghị đồng ch&iacute; trả lời r&otilde; c&acirc;u hỏi n&agrave;y!&rdquo;.</p>\r\n<p class="MsoNormal" style="mso-margin-top-alt: auto; mso-margin-bottom-alt: auto" align="left">L&uacute;c n&agrave;y, &ocirc;ng Trần Ch&iacute; Dũng ngập ngừng: &ldquo;Ch&uacute;ng t&ocirc;i sẽ phối hợp với huyện Nh&agrave; B&egrave; xem x&eacute;t lại dự &aacute;n n&agrave;y tr&ecirc;n cơ sở tổng hợp tiến độ quy hoạch, c&oacute; cần thiết phải điều chỉnh c&ocirc;ng vi&ecirc;n c&acirc;y xanh n&agrave;y hay kh&ocirc;ng. C&aacute;i bước n&agrave;y phải xem tương đối kỹ v&igrave; khi ch&uacute;ng ta x&oacute;a quy hoạch c&acirc;y xanh n&agrave;y th&igrave; phải x&acirc;y dựng khu c&acirc;y xanh kh&aacute;c. Do vậy, ch&uacute;ng ta phải rất cẩn thận&rdquo;.</p>\r\n<p class="MsoNormal" style="mso-margin-top-alt: auto; mso-margin-bottom-alt: auto" align="left">Rốt cuộc, điều cử tri muốn hỏi nhất l&agrave; lộ tr&igrave;nh thực hiện dự &aacute;n th&igrave; &ocirc;ng kh&ocirc;ng trả lời, v&igrave; c&ograve;n phải &ldquo;cẩn thận xem x&eacute;t lại&rdquo;. C&ograve;n vấn đề thiệt th&ograve;i của người d&acirc;n nếu x&acirc;y nh&agrave; tạm xong, dự &aacute;n thực hiện sẽ bị đập bỏ kh&ocirc;ng bồi thường th&igrave; theo &ocirc;ng l&agrave; thuộc tr&aacute;ch nhiệm giải th&iacute;ch của&hellip; Sở X&acirc;y dựng.</p>\r\n<p class="MsoNormal" style="mso-margin-top-alt: auto; mso-margin-bottom-alt: auto" align="left">Chuyển qua Sở X&acirc;y dựng, Ph&oacute; gi&aacute;m đốc Sở X&acirc;y dựng Qu&aacute;ch Hồng Tuyến trả lời loanh quanh về lịch sử v&agrave; ch&iacute;nh s&aacute;ch cấp ph&eacute;p x&acirc;y dựng tạm cho người d&acirc;n trong khu quy hoạch treo, sự tiến bộ của TP trong việc cho ph&eacute;p người d&acirc;n x&acirc;y cất tạm nh&agrave; cửa trong khu quy hoạch treo&hellip; Nhưng về quyền lợi của người d&acirc;n khi thực hiện dự &aacute;n, nh&agrave; x&acirc;y theo giấy ph&eacute;p x&acirc;y dựng tạm sẽ kh&ocirc;ng được bồi thường th&igrave; &ocirc;ng&nbsp;kh&ocirc;ng đả động g&igrave;.</p>\r\n<p class="MsoNormal" style="mso-margin-top-alt: auto; mso-margin-bottom-alt: auto" align="left">C&ograve;n về kế hoạch di dời c&aacute;c trường đại học ra khỏi nội th&agrave;nh, Gi&aacute;m đốc Sở Quy hoạch Kiến tr&uacute;c cho biết: &ldquo;Th&agrave;nh phố đ&atilde; lập ban chỉ đạo thực hiện chương tr&igrave;nh n&agrave;y. Nhưng c&aacute;c ng&agrave;nh đều c&oacute; quy hoạch ng&agrave;nh n&ecirc;n c&ograve;n phải chờ Bộ Gi&aacute;o dục, Bộ X&acirc;y dựng nữa&hellip;&rdquo;.</p>\r\n<p class="MsoNormal" style="mso-margin-top-alt: auto; mso-margin-bottom-alt: auto" align="left">&Ocirc;ng Dũng cũng thanh minh cho sự &ldquo;treo d&agrave;i hạn&rdquo; nhưng kh&ocirc;ng thể hạ của dự &aacute;n KCN Xu&acirc;n Thới Thượng l&agrave;: &ldquo;Quy hoạch khu c&ocirc;ng nghiệp tr&ecirc;n cả nước đều được Ch&iacute;nh phủ ph&ecirc; duyệt. Th&agrave;nh phố ch&uacute;ng ta cũng c&oacute; những khu vực chưa khả thi nhưng phải l&agrave;m theo quy tr&igrave;nh, phải chờ Thủ tướng cho ph&eacute;p ch&uacute;ng ta mới điều chỉnh&rdquo;&hellip;</p>\r\n<p class="MsoNormal" style="TEXT-ALIGN: justify; mso-margin-top-alt: auto; mso-margin-bottom-alt: auto">&nbsp;</p>\r\n<div style="TEXT-ALIGN: center">&nbsp;</div>\r\n</div>', '', '2012-10-05 03:08:28', '2012-10-15 10:53:19', 'Đã duyệt', 2),
(3, ' Chưa thể tiêu huỷ 10 tấn "thuốc độc" ở cửa khẩu Lạng Sơn ', ' Tại một số khu vực biên giới, việc mua bán, vận chuyển thuốc bảo vệ thực vật (BVTV) không rõ nguồn gốc xuất xứ, không tuân thủ các tiêu chuẩn kỹ thuật đang được bày bán công khai. ', '<div class="fon34 mt3 mr2 fon43"><DIV class=MsoNormal style="MARGIN: 0cm 0cm 0pt">Hiện tượng này không chỉ gây ảnh hưởng trực tiếp đến sức khỏe của con người và hủy hoại môi trường sống.</DIV>\r\n<DIV class=MsoNormal style="MARGIN: 0cm 0cm 0pt">&nbsp;</DIV>\r\n<DIV class=MsoNormal style="MARGIN: 0cm 0cm 0pt" align=center><?xml:namespace prefix = o ns = "urn:schemas-microsoft-com:office:office" /><o:p><IMG src="http://dantri4.vcmedia.vn/I3KdHJtU0B3ELPKGaTLe/Image/2012/10/BVTV2-78935.jpg" alt="Thuốc BVTV được bày bán công khai tại các chợ biên giới"><BR><SPAN style="FONT-SIZE: 10pt; FONT-FAMILY: Tahoma">Thuốc BVTV được bày bán công khai tại các chợ biên giới</SPAN></o:p></DIV>\r\n<P class=MsoNormal style="MARGIN: 0cm 0cm 0pt"><o:p>&nbsp;</o:p></P>\r\n<P class=MsoNormal style="MARGIN: 0cm 0cm 0pt"><B style="mso-bidi-font-weight: normal">Cần một chế tài mạnh<o:p></o:p></B></P>\r\n<P class=MsoNormal style="MARGIN: 0cm 0cm 0pt"><o:p>&nbsp;</o:p></P>\r\n<P class=MsoNormal style="MARGIN: 0cm 0cm 0pt">Theo Tổng cục Hải quan, hiện nay các mặt hàng thuốc BVTV được nhập lậu vào VN ngày càng tinh vi và rất khó phát hiện, bắt giữ vì phần lớn các đối tượng buôn lậu thuê bà con khu vực biên giới vận chuyển thuốc BVTV số lượng ít, đi đường mòn, đường tắt tập kết tại một điểm rồi tung ra thị trường. Trên 80% số thuốc BVTV trôi nổi hiện nay đã nhập lậu theo dạng này. <o:p></o:p></P>\r\n<P class=MsoNormal style="MARGIN: 0cm 0cm 0pt"><o:p>&nbsp;</o:p></P>\r\n<P class=MsoNormal style="MARGIN: 0cm 0cm 0pt">Ngoài ra, một số bà con lợi dụng chính sách thông thương biên giới đưa về và bày bán công khai tại các phiên chợ. Theo đánh giá, những loại thuốc BVTV nhập lậu, giá rẻ hơn rất nhiều so với giá của các mặt hàng thuốc BVTV được sản xuất trong nước, nhưng chất lượng thì không thể kiểm soát. <o:p></o:p></P>\r\n<P class=MsoNormal style="MARGIN: 0cm 0cm 0pt"><o:p>&nbsp;</o:p></P>\r\n<P class=MsoNormal style="MARGIN: 0cm 0cm 0pt">Thuốc BVTV nhập lậu không có hướng dẫn bằng tiếng Việt, người mua và người bán chỉ nhìn vào hình vẽ trên bao bì để trao đổi và đoán là loại gì chứ không hề biết công dụng của nó. Phần lớn các loại thuốc này là thuốc diệt chuột, diệt côn trùng, trừ cỏ và thuốc kích thích tăng trưởng... <o:p></o:p></P>\r\n<P class=MsoNormal style="MARGIN: 0cm 0cm 0pt"><o:p>&nbsp;</o:p></P>\r\n<P class=MsoNormal style="MARGIN: 0cm 0cm 0pt">Đây là những loại cực độc, ảnh hưởng trực tiếp tới sức khỏe và môi trường, nếu bất cẩn sẽ dẫn đến tử vong, như: Cypermethrin, Propiconazole và Fipronil là những loại thuốc có thể gây ung thư; thuốc diệt chuột bằng ống nước, bằng bột, bằng giấy dán tẩm thuốc... và được bán với giá rất rẻ. Tại chợ thị trấn Đồng Đăng chúng tôi thấy thuốc Padan dạng bột của Trung Quốc chỉ 8.000đ/gói, Validacine 16.000đ/chai 500ml... <o:p></o:p></P>\r\n<P class=MsoNormal style="MARGIN: 0cm 0cm 0pt"><o:p>&nbsp;</o:p></P>\r\n<P class=MsoNormal style="MARGIN: 0cm 0cm 0pt">Theo thống kê của cơ quan chức năng, hiện Lạng Sơn có khoảng 36 loại thuốc BVTV, Lào Cai có khoảng 18 loại thuốc BVTV cực độc, không được phép sử dụng đã nhập lậu qua biên giới và đang được bày bán công khai. Trong đó, có những loại Việt <?xml:namespace prefix = st1 ns = "urn:schemas-microsoft-com:office:smarttags" /><st1:country-region w:st="on"><st1:place w:st="on">Nam</st1:place></st1:country-region> đã cấm sử dụng từ những năm 1980 như: Thuốc trừ sâu 666, thuốc trừ cỏ 2.4.5 T (Brochtox, Decamine, Veon... ). <o:p></o:p></P>\r\n<P class=MsoNormal style="MARGIN: 0cm 0cm 0pt"><o:p>&nbsp;</o:p></P>\r\n<P class=MsoNormal style="MARGIN: 0cm 0cm 0pt">Đội trưởng đội QLTT số 2 Lạng Sơn - Chu Ngọc Hà cho biết thuốc BVTV nếu nhập khẩu qua đường chính ngạch được kiểm tra nghiêm ngặt, nếu không đủ các tiêu chuẩn cho phép thì các cơ quan chức năng sẽ không cho phép nhập khẩu và buộc phải xuất ngay. Hàng hóa không rõ nguồn gốc được bày bán dạng “mẹt” tại các chợ là do một số đối tượng mang lậu qua biên giới và bán lại cho bà con, nên rất khó quản lý vì chưa có chế tài xử phạt nghiêm, chủ yếu là tịch thu và phạt vi cảnh.<o:p></o:p></P>\r\n<P class=MsoNormal style="MARGIN: 0cm 0cm 0pt"><o:p>&nbsp;</o:p></P>\r\n<P class=MsoNormal style="MARGIN: 0cm 0cm 0pt"><B style="mso-bidi-font-weight: normal">“Thu về biết để đâu?”<o:p></o:p></B></P>\r\n<P class=MsoNormal style="MARGIN: 0cm 0cm 0pt"><o:p>&nbsp;</o:p></P>\r\n<P class=MsoNormal style="MARGIN: 0cm 0cm 0pt">Đó là lời ta thán của Chánh thanh tra Chi cục Bảo vệ thực vật tỉnh Lạng Sơn - Hoàng Văn Bác. Theo ông Bác thì hiện đơn vị này đã quản lý trên 10 tấn thuốc BVTV không rõ nguồn gốc do các cơ quan chức năng thu giữ chưa được tiêu hủy. Trong đó, hơn 6 tấn đơn vị phải chứa tạm trong nhà để xe rộng khoảng 18m2, số còn lại được gửi ở một số cơ quan khác.<o:p></o:p></P>\r\n<P class=MsoNormal style="MARGIN: 0cm 0cm 0pt"><o:p>&nbsp;</o:p></P>\r\n<P class=MsoNormal style="MARGIN: 0cm 0cm 0pt">Điều đáng nói là số thuốc trên được thu giữ và lũy kế từ năm 2007 đến nay. Được biết, từ năm 2002 – 2006, tỉnh Lạng Sơn đã bỏ ra trên 1 tỉ đồng để tiêu hủy hàng chục tấn thuốc BVTV nhập lậu, trôi nổi. Nhưng từ năm 2007 đến nay việc tiêu hủy bị dừng lại. <o:p></o:p></P>\r\n<P class=MsoNormal style="MARGIN: 0cm 0cm 0pt"><o:p>&nbsp;</o:p></P>\r\n<P class=MsoNormal style="MARGIN: 0cm 0cm 0pt">Tiếp cận kho chứa thuốc BVTV nhập lậu bị thu giữ tại Chi cục BVTV tỉnh Lạng Sơn mới thấy được sự nguy hiểm bởi khi đến gần đã thấy bốc lên mùi rất khó chịu, khiến mũi<SPAN style="mso-spacerun: yes">&nbsp; </SPAN>thấy cay cay, chỉ cần mở cánh cửa sắt hoen gỉ là hàng tấn thuốc BVTV được cất tại đây sẽ theo đó ào ra vì để lâu ngày mưa lụt bao bì bị mục nát. Một điều đáng nói là kho chứa thuốc này đang nằm sát giếng nước sinh hoạt của nhà dân. <o:p></o:p></P>\r\n<P class=MsoNormal style="MARGIN: 0cm 0cm 0pt"><o:p>&nbsp;</o:p></P>\r\n<P class=MsoNormal style="MARGIN: 0cm 0cm 0pt">Theo đề án tiêu hủy của Chi cục BVTV tỉnh Lạng Sơn thì để tiêu hủy hết hơn 10 tấn thuốc đang bị thu giữ sẽ mất ít nhất 920 triệu. Nếu không có chỗ chứa thì việc bắt giữ số thuốc BVTV không có nguồn gốc sẽ chẳng biết để đâu, vì biết đến bao giờ số thuốc cũ mới được tiêu hủy, và như vậy đây sẽ là điều kiện để thuốc BVTV nhập lậu hoành hành. <o:p></o:p></P>\r\n<P class=MsoNormal style="MARGIN: 0cm 0cm 0pt"><o:p>&nbsp;</o:p></P>\r\n', '', '2012-10-05 03:08:28', '0000-00-00 00:00:00', 'Chưa duyệt', 2),
(4, ' Một người chết thảm vì tiếng còi xe tải ', ' (Dân trí) - Nghe tiếng còi xe tải bóp inh ỏi phía sau, ông Tuấn vội cho xe nép vào lề đường. Do sa vào đoạn đường nhiều bùn lầy, người đàn ông này đã loạng choạng tay lái, ngã xuống đường và bị bánh sau xe tải cán ngang người tử vong tại chỗ. ', '', '', '2012-10-05 03:08:28', '0000-00-00 00:00:00', 'Chưa duyệt', 2),
(6, ' Thủ tướng Nga Medvedev trổ tài bắn súng ', ' (Dân trí) - Trong chuyến thăm một nhà máy kỹ thuật chính xác gần Mátxcơva, Thủ tướng Nga Dmitry Medvedev đã kiểm tra các thiết bị chiến đấu thử nghiệm (Ratnik-2) và đích thân thử các loại vũ khí loại nhỏ. ', '<div class="fon34 mt3 mr2 fon43"><DIV align=center><BR><IMG alt="Thủ tướng Nga Medvedev trổ tài bắn súng" src="http://dantri4.vcmedia.vn/SF9n0XnWe1mhJ0SanI/Image/2012/10/2-dce7d.jpg"></DIV>\r\n<DIV align=center><SPAN style="FONT-FAMILY: Tahoma; FONT-SIZE: 10pt">Thủ tướng Medvedev được giới thiệu về một số loại mũ quân đội mới có tính hiệu quả cao và áo chống đạn cùng nhiều loại súng cầm tay nhỏ, các thiết bị nhìn, hiện đang được thử nghiệm.</SPAN></DIV>\r\n<DIV align=center><BR><SPAN style="FONT-FAMILY: Tahoma; FONT-SIZE: 10pt"><IMG alt="Thủ tướng Nga Medvedev trổ tài bắn súng" src="http://dantri4.vcmedia.vn/SF9n0XnWe1mhJ0SanI/Image/2012/10/3-dce7d.jpg"></SPAN></DIV>\r\n<DIV align=center>\r\n<DIV align=center><SPAN style="FONT-FAMILY: Tahoma; FONT-SIZE: 10pt">Thủ tướng Nga dừng lại ở bàn trưng bày súng trường Kalashnikov, cả những loại đã phục vụ và loại hiện đại. Thủ tướng Medvedev được thông báo chi phí hiện đại hóa có thể mất từ 160 -480USD/chiếc. Một khẩu Kalashnikov mới có giá 700 USD.</SPAN></DIV><BR></DIV>\r\n<DIV align=center><BR><SPAN style="FONT-FAMILY: Tahoma; FONT-SIZE: 10pt"><IMG alt="Thủ tướng Nga Medvedev trổ tài bắn súng" src="http://dantri4.vcmedia.vn/SF9n0XnWe1mhJ0SanI/Image/2012/10/4-dce7d.jpg"></SPAN></DIV>\r\n<DIV align=center><SPAN style="FONT-FAMILY: Tahoma; FONT-SIZE: 10pt">Thủ tướng Nga xem xét một khẩu súng “Sản xuất tại Isreal”. </SPAN></DIV>\r\n<DIV align=center><BR><BR><SPAN style="FONT-FAMILY: Tahoma; FONT-SIZE: 10pt"><IMG alt="Thủ tướng Nga Medvedev trổ tài bắn súng" src="http://dantri4.vcmedia.vn/SF9n0XnWe1mhJ0SanI/Image/2012/10/5-dce7d.jpg"><BR>"Chúng ta cũng có thể làm những khẩu súng như vậy", Phó Thủ tướng phụ trách Công nghiệp Quốc phòng, Dmitry Rogozin nói với ông Medvedev.</SPAN></DIV>\r\n<DIV align=center><BR><SPAN style="FONT-FAMILY: Tahoma; FONT-SIZE: 10pt"><IMG style="MARGIN: 5px; WIDTH: 450px" alt="Thủ tướng Nga Medvedev trổ tài bắn súng" align=center src="http://dantri4.vcmedia.vn/SF9n0XnWe1mhJ0SanI/Image/2012/10/6-dce7d.jpg" width=450 height=642 _fl="null"><BR>Thủ tướng Nga xem kỹ khẩu súng do Israel sản xuất.</SPAN></DIV>\r\n<DIV align=center><BR><SPAN style="FONT-FAMILY: Tahoma; FONT-SIZE: 10pt"><IMG alt="Thủ tướng Nga Medvedev trổ tài bắn súng" src="http://dantri4.vcmedia.vn/SF9n0XnWe1mhJ0SanI/Image/2012/10/7-dce7d.jpg"><BR></SPAN></DIV>\r\n<DIV align=center><SPAN style="FONT-FAMILY: Tahoma; FONT-SIZE: 10pt">Trên trường thử, Thủ tướng Medvedev được giới thiệu bộ đồ cho binh sỹ tương lai của Nga, gồm quần áo, vũ khí, và các hệ thống hỗ trợ khác cho binh sỹ. </SPAN></DIV>\r\n<DIV align=center><BR><SPAN style="FONT-FAMILY: Tahoma; FONT-SIZE: 10pt"><IMG alt="Thủ tướng Nga Medvedev trổ tài bắn súng" src="http://dantri4.vcmedia.vn/SF9n0XnWe1mhJ0SanI/Image/2012/10/8-dce7d.jpg"><BR></SPAN></DIV>\r\n<P align=center><SPAN style="FONT-FAMILY: Tahoma; FONT-SIZE: 10pt">Sau đó, đích thân Thủ tướng Nga thử bắn một số loại vũ khí…</SPAN></P>\r\n<DIV align=center><SPAN style="FONT-FAMILY: Tahoma; FONT-SIZE: 10pt"><IMG alt="Thủ tướng Nga Medvedev trổ tài bắn súng" src="http://dantri4.vcmedia.vn/SF9n0XnWe1mhJ0SanI/Image/2012/10/1-dce7d.jpg"></SPAN></DIV>\r\n<DIV align=center>\r\n<P><SPAN style="FONT-FAMILY: Tahoma; FONT-SIZE: 10pt">…gồm súng ngắn, súng bắn tỉa và súng máy.</SPAN></P>\r\n<P style="TEXT-ALIGN: right; MARGIN: 0in 0in 0pt" class=MsoNormal align=right><SPAN class=dig-icom><B style="mso-bidi-font-weight: normal">Vũ Quý<?xml:namespace prefix = o ns = "urn:schemas-microsoft-com:office:office" /><o:p></o:p></B></SPAN></P>\r\n<P style="TEXT-ALIGN: right; MARGIN: 0in 0in 0pt" class=MsoNormal align=right><SPAN class=dig-icom>Theo <I style="mso-bidi-font-style: normal">Ria Novosti</I></SPAN><I style="mso-bidi-font-style: normal"><o:p></o:p></I></P><BR></DIV><input type="hidden" value="/c36s36/Thegioi/trang-1.htm" id="hidNextUsing"/></div>\r\n \r\n <div itemscope itemtype="http://schema.org/webpage" style="display: none !important;">\r\n <span itemprop="name">Thủ tướng Nga Medvedev trổ tài bắn súng</span>\r\n <img id="ctl00_IDContent_ctl00_imgAvatar_2" itemprop="image" src="http://dantri21.vcmedia.vn/zoom/70_70/SF9n0XnWe1mhJ0SanI/Image/2012/10/8-dce7d.jpg" alt="Thủ tướng Nga Medvedev trổ tài bắn súng" style="border-width:0px;" />\r\n <div id="static_rating" itemprop="aggregateRating" itemscope itemtype="http://schema.org/AggregateRating">\r\n  <span itemprop="ratingValue">5</span>\r\n  <span itemprop="bestRating">10</span>\r\n  <span itemprop="ratingCount">1</span>\r\n </div>\r\n </div>\r\n <div class="hrecipe" style="position: fixed; bottom: -1000px; left: -1000px;">\r\n <span class="item">\r\n  <span class="item">\r\n  <span class="fn">\r\n   Thủ tướng Nga Medvedev trổ tài bắn súng</span>\r\n  </span>\r\n  <img id="ctl00_IDContent_ctl00_imgAvatar_3" class="photo" src="http://dantri21.vcmedia.vn/zoom/70_70/SF9n0XnWe1mhJ0SanI/Image/2012/10/8-dce7d.jpg" alt="Thủ tướng Nga Medvedev trổ tài bắn súng" style="border-width:0px;" />\r\n  <span class="review hreview-aggregate">\r\n  <span class="rating">\r\n   <span class="best">10</span>\r\n   <span class="average">5</span> \r\n   <span class="count"> 1</span>\r\n  </span> \r\n  </span>\r\n </span>\r\n </div>\r\n \r\n <div style="text-align:center; padding-top:5px" id="div_tamlongnhanai"></div>\r\n <div style="text-align:center; padding-top:5px"><script type="text/javascript" src="http://admicro1.vcmedia.vn/ads_codes/ads_box_230.ads"></script></div>\r\n <div class="emailprint">\r\n <ul>\r\n  <li><a href="javascript:;" onclick="share_facebook();" style="margin-right: 2px" rel="n', '', '2012-10-05 03:08:28', '0000-00-00 00:00:00', 'Chưa duyệt', 1),
(7, ' Syria ngăn quân Thổ Nhĩ Kỳ xâm nhập qua biên giới ', ' (Dân trí) - Đài truyền hình Syria cho biết quân đội nước này đêm 4/10 đã ngăn chặn một vụ xâm nhập của các nhóm vũ trang Thổ Nhĩ Kỳ. Trong khi đó, Thổ Nhĩ Kỳ tiếp tục nã pháo đáp trả Syria khi hành động quân sự với Syria đã được quốc hội nước này thông qua.<br><a href="http://dantri.com.vn/c36/s36-647801/Quoc-hoi-Tho-hi-Ky-phe-chuan-hanh-dong-quan-su-voi-Syria.htm"><b>&nbsp;>>&nbsp;  Quốc hội Thổ Nhĩ Kỳ phê chuẩn hành động quân sự với Syria</b></a> ', '<div class="fon34 mt3 mr2 fon43"><DIV style="MARGIN: 0in 0in 0pt" class=MsoNormal align=center><?xml:namespace prefix = o ns = "urn:schemas-microsoft-com:office:office" /><o:p><SPAN style="FONT-FAMILY: Tahoma; FONT-SIZE: 10pt"><IMG alt="Syria ngăn quân Thổ Nhĩ Kỳ xâm nhập vào biên giới" src="http://dantri4.vcmedia.vn/SF9n0XnWe1mhJ0SanI/Image/2012/10/1-6c1f0.jpg"></SPAN></o:p></DIV>\r\n<DIV style="MARGIN: 0in 0in 0pt" class=MsoNormal align=center><o:p><SPAN style="FONT-FAMILY: Tahoma; FONT-SIZE: 10pt">Quân&nbsp;đội Thổ Nhĩ&nbsp;Kỳ&nbsp;vẫn tiếp tục nã pháo vào Syria&nbsp;để&nbsp;đáp trả vụ 5 dân thường nước này bị thiệt mạng vì pháo từ Syria.</SPAN><BR>&nbsp;</o:p></DIV>\r\n<P style="MARGIN: 0in 0in 0pt" class=MsoNormal>Đài truyền hình <?xml:namespace prefix = st1 ns = "urn:schemas-microsoft-com:office:smarttags" /><st1:country-region w:st="on">Syria</st1:country-region> cho hay, các nhóm vũ trang đã cố gắng tiến bằng đường bộ vào <st1:place w:st="on"><st1:country-region w:st="on">Syria</st1:country-region></st1:place> qua thị trấn biên giới Khirbet al-Jous. Binh sỹ <st1:country-region w:st="on"><st1:place w:st="on">Syria</st1:place></st1:country-region> đã ngăn chặn và giết chết nhiều kẻ xâm nhập, trong đó nhiều người là người nước ngoài, cụ thể một người Thổ Nhĩ Kỳ tên Hamza Mohmmad Akbar.</P>\r\n<P style="MARGIN: 0in 0in 0pt" class=MsoNormal><o:p>&nbsp;</o:p></P>\r\n<P style="MARGIN: 0in 0in 0pt" class=MsoNormal>Vụ việc mới nhất xảy ra khi căng thẳng giữa Syria và Thổ Nhĩ Kỳ bị đẩy lên mức mới, sau khi pháo được bắn từ phía Syria vào hôm thứ tư rơi trúng một ngôi nhà ở tỉnh Sanliurfa của Thổ Nhĩ Kỳ, làm 5 người thiệt mạng.</P>\r\n<P style="MARGIN: 0in 0in 0pt" class=MsoNormal><o:p>&nbsp;</o:p></P>\r\n<P style="MARGIN: 0in 0in 0pt" class=MsoNormal>Được biết sau đó pháo của Thổ Nhĩ Kỳ đã nã hai lần vào các mục tiêu <st1:country-region w:st="on"><st1:place w:st="on">Syria</st1:place></st1:country-region>, đẩy cao căng thẳng giữa hai nước.</P>\r\n<P style="MARGIN: 0in 0in 0pt" class=MsoNormal><o:p>&nbsp;</o:p></P>\r\n<P style="MARGIN: 0in 0in 0pt" class=MsoNormal>Theo nhật báo Today"s Zaman của Thổ Nhĩ Kỳ, vụ tấn công mới nhất diễn ra vào sáng ngày thứ năm nhằm vào một đồn quân sự <st1:country-region w:st="on">Syria</st1:country-region> ở thành phố Tal Abyad, khiến một số binh sỹ <st1:country-region w:st="on"><st1:place w:st="on">Syria</st1:place></st1:country-region> thiệt mạng.</P>\r\n<P style="MARGIN: 0in 0in 0pt" class=MsoNormal><o:p>&nbsp;</o:p></P>\r\n<P style="MARGIN: 0in 0in 0pt" class=MsoNormal>Báo chí nhà nước <st1:country-region w:st="on"><st1:place w:st="on">Syria</st1:place></st1:country-region> không phủ nhận cũng không xác nhận thông tin này.</P>\r\n<P style="MARGIN: 0in 0in 0pt" class=MsoNormal><o:p>&nbsp;</o:p></P>\r\n<P style="MARGIN: 0in 0in 0pt" class=MsoNormal>Hôm qua, Bộ trưởng thông tin Syria Omran al-Zoubi cho biết một cuộc điều tra “nghiêm túc” đang được tiến hành nhằm xác định nơi bắn pháo vào Thổ Nhĩ Kỳ và nhấn mạnh những vụ việc như thế này cần phải xử lý “bằng sự khôn ngoan và cẩn trọng”. Bộ trưởng cũng gửi lời chia buồn tới gia đình các nạn nhân.</P>\r\n<P style="MARGIN: 0in 0in 0pt" class=MsoNormal><o:p>&nbsp;</o:p></P>\r\n<P style="MARGIN: 0in 0in 0pt" class=MsoNormal>Trong khi đó, quốc hội Thổ Nhĩ Kỳ thông qua dự luật cho phép quân đội có quyền đáp trả bất kỳ cuộc tấn công nào từ phía <st1:country-region w:st="on"><st1:place w:st="on">Syria</st1:place></st1:country-region>. </P>\r\n<P style="MARGIN: 0in 0in 0pt" class=MsoNormal><o:p>&nbsp;</o:p></P>\r\n<P style="MARGIN: 0in 0in 0pt" class=MsoNormal>Căng thẳng biên giới làm dấy lên lo ngại leo thang xung đột giữa hai nước.</P>\r\n<P style="MARGIN: 0in 0in 0pt" class=MsoNormal><o:p>&nbsp;</o:p></P>\r\n<P style="MARGIN: 0in 0in 0pt" class=MsoNormal>Bộ Ngoại giao Nga hôm 4/10 cho biết Nga rất quan ngại về căng thẳng đang tăng cao ở biên giới Thổ-Syria, kêu gọi hai bên kiềm chế hết sức. Trung Quốc cũng kêu gọi hai bên kiềm chế, tránh để căng thẳng leo thang.</P>\r\n<P style="MARGIN: 0in 0in 0pt" class=MsoNormal><o:p>&nbsp;</o:p></P>\r\n<P style="MARGIN: 0in 0in 0pt" class=MsoNormal>Tổng thư ký Liên đoàn Ả rập (<st1:State w:st="on"><st1:place w:st="on">AL</st1:place></st1:State>) lên tiếng quan ngại về vụ việc và cảnh báo vụ việc như vậy có thể gây nguy hiểm cho an ninh khu vực và thế giới.</P>\r\n<P style="MARGIN: 0in 0in 0pt" class=MsoNormal><o:p>&nbsp;</o:p></P>\r\n<P style="MARGIN: 0in 0in 0pt" class=MsoNormal>Trong khi đó, EU lên án mạnh mẽ vụ nã pháo ừ phía <st1:country-region w:st="on">Syria</st1:country-region> và cho rằng vụ việc cho thấy rõ ảnh hưởng của cuộc khủng hoảng tại <st1:country-region w:st="on"><st1:place w:st="on">Syria</st1:place></st1:country-region> đã lan sang các nước láng giềng.</P>\r\n<P style="MARGIN: 0in 0in 0pt" class=MsoNormal><o:p>&nbsp;</o:p></P>\r\n<P style="MARGIN: 0in 0in 0pt" class=MsoNormal>Bất chấp căng thẳng tăng cao, giới quan sát cho rằng vụ việc chắc chắn sẽ không châm ngòi cho một cuộc chiến giữa hai nước, do hai nước đều không muốn để xảy ra một cuộc chiến và do hậu quả thảm khốc của nó có thể gây ra ở cả hai nước. </P>\r\n<P style="MARGIN: 0in 0in 0pt" class=MsoNormal><o:p>&nbsp;</o:p></P>\r\n<P style="TEXT-ALIGN: right; MARGIN: 0in 0in 0pt" class=MsoNormal align=right><SPAN style="FONT-WEIGHT: bold">Phan Anh<o:p></o:p></SPAN></P>\r\n<P style="TEXT-ALIGN: right; MARGIN: 0in 0in 0pt" class=MsoNormal align=right>Theo <SPAN style="FONT-STYLE: italic">Xinhua</SPAN></P><input type="hidden" value="/c36s36/Thegioi/trang-1.htm" id="hidNextUsing"/></div>\r\n \r\n <div itemscope itemtype="http://schema.org/webpage" style="display: none !important;">\r\n <span itemprop="name">Syria ngăn quân Thổ Nhĩ Kỳ xâm nhập qua biên giới</span>\r\n <img id="ctl00_IDContent_ctl00_imgAvatar_2" itemprop="image" src="http://dantri21.vcmedia.vn/zoom/70_70/SF9n0XnWe1mhJ0SanI/Image/2012/10/1-6c1f0.jpg" alt="Syria ngăn quân Thổ Nhĩ Kỳ xâm nhập qua biên giới" style="border-width:0px;" />\r\n <div id="static_rating" itemprop="aggregateRating" itemscope itemtype="http://schema.org/AggregateRating">\r\n  <span itemprop="ratingValue">9</span>\r\n  <span itemprop="bestRating">10</span>\r\n  <span itemprop="ratingCount">83</span>\r\n </div>\r\n </div>\r\n <div class="hrecipe" style="position: fixed; bottom: -1000px; left: -1000px;">\r\n <span class="item">\r\n  <span class="item">\r\n  <span class="fn">\r\n   Syria ngăn quân Thổ Nhĩ Kỳ xâm nhập qua biên giới</span>\r\n  </span>\r\n  <img id="ctl00_IDContent_ctl00_imgAvatar_3" class="photo" src="http://dantri21.vcmedia.vn/zoom/70_70/SF9n0XnWe1mhJ0SanI/Image/2012/10/1-6c1f0.jpg" alt="Syria ngăn quân', '', '2012-10-05 03:08:28', '0000-00-00 00:00:00', 'Chưa duyệt', 1),
(8, ' 18 học sinh Trung Quốc thiệt mạng trong vụ lở đất chôn vùi trường học  ', ' (Dân trí) - Toàn bộ 18 học sinh bị chôn vùi trong vụ lở đất nhấn chìm cả trường học của các em ở vùng núi tây nam Trung Quốc đã thiệt mạng, báo chí nhà nước Trung Quốc hôm nay 5/10 đưa tin. ', '<div class="fon34 mt3 mr2 fon43"><DIV style="MARGIN: 0in 0in 0pt" class=MsoNormal align=center><?xml:namespace prefix = o ns = "urn:schemas-microsoft-com:office:office" /><o:p>&nbsp;<IMG src="http://dantri4.vcmedia.vn/SF9n0XnWe1mhJ0SanI/Image/2012/10/1-7d8cd.jpg" alt="Hiện trường vụ lở đất."></o:p></DIV>\r\n<DIV style="MARGIN: 0in 0in 0pt" class=MsoNormal align=center><o:p><SPAN style="FONT-FAMILY: Tahoma; FONT-SIZE: 10pt">Hiện trường vụ lở đất.</SPAN><BR></DIV></o:p>\r\n<P style="MARGIN: 0in 0in 0pt" class=MsoNormal>Vụ lở đất, do mưa lớn kéo dài, đã chôn vùi trường học và 3 ngôi nhà nông trang ở tỉnh Vân Nam vào ngày 4/5, khi học sinh đến học bù sau trận động đất chết người ở khu vực vào tháng trước, trận động đất cướp đi sinh mạng của 81 người.</P>\r\n<P style="MARGIN: 0in 0in 0pt" class=MsoNormal><o:p>&nbsp;</o:p></P>\r\n<P style="MARGIN: 0in 0in 0pt" class=MsoNormal>Nhân viên cứu hộ đã đưa được thi thể của em nhỏ mất tích cuối cùng ra khỏi đống đổ nát của vụ lở đất vào sớm nay, đài phát thanh quốc gia Trung Quốc trên trang web.</P>\r\n<P style="MARGIN: 0in 0in 0pt" class=MsoNormal><o:p>&nbsp;</o:p></P>\r\n<P style="MARGIN: 0in 0in 0pt" class=MsoNormal>Thảm họa xảy ra ở làng Zhenhe đặt ra nghi vấn về việc tại sao học sinh lại đến trường, nằm trong một thung lũng sâu, khi cả nước Trung Quốc đang có kỳ nghỉ lễ kéo dài 1 tuần.</P>\r\n<P style="MARGIN: 0in 0in 0pt" class=MsoNormal><o:p>&nbsp;</o:p></P>\r\n<P style="MARGIN: 0in 0in 0pt" class=MsoNormal>Tuy nhiên, giới chức địa phương cho biết các em cần phải học bù thời gian nghỉ do trận động đất hôm 7/9 gây ra.</P>\r\n<P style="MARGIN: 0in 0in 0pt" class=MsoNormal><o:p>&nbsp;</o:p></P>\r\n<P style="MARGIN: 0in 0in 0pt" class=MsoNormal>Trung Quốc có nền giáo dục cạnh tranh khốc liệt, với những kỳ kiểm tra gắt gao, quyết định học sinh có được vào trường tốt sau này hay không.</P>\r\n<P style="MARGIN: 0in 0in 0pt" class=MsoNormal><o:p>&nbsp;</o:p></P>\r\n<P style="MARGIN: 0in 0in 0pt" class=MsoNormal>Một người dân làng cũng bị chôn vùi trong lở đất, tuy nhiên đội cứu hộ vẫn chưa tìm thấy.</P>\r\n<P style="MARGIN: 0in 0in 0pt" class=MsoNormal><o:p>&nbsp;</o:p></P>\r\n<P style="MARGIN: 0in 0in 0pt" class=MsoNormal>An toàn trường học là vấn đề nhạy cảm sau khi hàng ngàn học sinh thiệt mạng trong trận động đất 8 richter ở Tứ Xuyên năm 2008. Nhiều trường học đã bị sập trong trận động đất cướp đi sinh mạng của hơn 80.000 người này. Nhiều người cáo buộc tình trạng cắt xén và tham nhũng đã khiến các trường học được xây dựng yếu kém, bằng chứng là nhiều tòa nhà gần các trường học bị sập này vẫn đứng vững trong trận động đất.</P>\r\n<P style="MARGIN: 0in 0in 0pt" class=MsoNormal><o:p>&nbsp;</o:p></P>\r\n<P style="TEXT-ALIGN: right; MARGIN: 0in 0in 0pt" class=MsoNormal align=right><SPAN style="FONT-WEIGHT: bold">Vũ Quý<o:p></o:p></SPAN></P>\r\n<P style="TEXT-ALIGN: right; MARGIN: 0in 0in 0pt" class=MsoNormal align=right>Theo <SPAN style="FONT-STYLE: italic">Xinhua</SPAN></P><input type="hidden" value="/c36s36/Thegioi/trang-1.htm" id="hidNextUsing"/></div>\r\n \r\n <div itemscope itemtype="http://schema.org/webpage" style="display: none !important;">\r\n <span itemprop="name">18 học sinh Trung Quốc thiệt mạng trong vụ lở đất chôn vùi trường học </span>\r\n <img id="ctl00_IDContent_ctl00_imgAvatar_2" itemprop="image" src="http://dantri21.vcmedia.vn/zoom/70_70/SF9n0XnWe1mhJ0SanI/Image/2012/10/1-7d8cd.jpg" alt="18 học sinh Trung Quốc thiệt mạng trong vụ lở đất chôn vùi trường học " style="border-width:0px;" />\r\n <div id="static_rating" itemprop="aggregateRating" itemscope itemtype="http://schema.org/AggregateRating">\r\n  <span itemprop="ratingValue">6</span>\r\n  <span itemprop="bestRating">10</span>\r\n  <span itemprop="ratingCount">1</span>\r\n </div>\r\n </div>\r\n <div class="hrecipe" style="position: fixed; bottom: -1000px; left: -1000px;">\r\n <span class="item">\r\n  <span class="item">\r\n  <span class="fn">\r\n   18 học sinh Trung Quốc thiệt mạng trong vụ lở đất chôn vùi trường học </span>\r\n  </span>\r\n  <img id="ctl00_IDContent_ctl00_imgAvatar_3" class="photo" src="http://dantri21.vcmedia.vn/zoom/70_70/SF9n0XnWe1mhJ0SanI/Image/2012/10/1-7d8cd.jpg" alt="18 học sinh Trung Quốc thiệt mạng trong vụ lở đất chôn vùi trường học " style="border-width:0px;" />\r\n  <span class="review hreview-aggregate">\r\n  <span class="rating">\r\n   <span class="best">10</span>\r\n   <span class="average">6</span> \r\n   <span class="count"> 1</span>\r\n  </span> \r\n  </span>\r\n </span>\r\n </div>\r\n \r\n <div style="text-align:center; padding-top:5px" id="div_tamlongnhanai"></div>\r\n <div style="text-align:center; padding-top:5px"><script type="text/javascript" src="http://admicro1.vcmedia.vn/ads_codes/ads_box_230.ads"></script></div>\r\n <div class="emailprint">\r\n <ul>\r\n  <li><a href="javascript:;" onclick="share_facebook();" style="margin-right: 2px" rel="nofollow"><img src="http://dantri3.vcmedia.vn/App_Themes/Default/Images/facebook1.gif" alt="Share on Facebook" border="0" style="height:20px;padding-top:4px;vertical-align:top;width:20px"/> </a></li>\r\n  <li><a href="javascript:;" onclick="share_twitter();" style="margin-right: 2px" rel="nofollow"><img src="http://dantri3.vcmedia.vn/App_Themes/Default/Images/t', '', '2012-10-05 03:08:28', '0000-00-00 00:00:00', 'Chưa duyệt', 1),
(9, ' “Nhà giàu” ở Champions League: Nhiều tiền là chưa đủ ', ' <a href = "http://dantri.com.vn/c26/s26-647900/nha-giau-o-champions-league-nhieu-tien-la-chua-du.htm" ><img border="0" src="http://dantri21.vcmedia.vn/zoom/130_100/uajiKupQ6reCuKKDlVlG/Image/2012/10/man-city-dortmund1-a5d11.jpg" /></a>(Dân trí) - Lần lượt PSG, Man City hay Zenit đều “vấp ngã” trong loạt trận vừa qua ở Champions League, có lẽ, đồng tiền chỉ có thể mang tới cho họ đội hình mạnh mẽ chứ không thể mua được đẳng cấp, bản lĩnh thi đấu ở “sân chơi” lớn như Champions League. ', '<div class="fon34 mt3 mr2 fon43"><P>Sau trận đấu với Dortmund, HLV Mancini đã lên tiếng khen ngợi tài năng của thủ thành Joe Hart. Không chỉ có ông, những người ngoài cuộc (trong đó có Rooney) cũng không tiếc lời đưa thủ thành của Man City lên tận mây xanh.</P>\r\n<DIV>&nbsp;</DIV>\r\n<DIV align=center><IMG style="MARGIN: 5px" alt="Man City suýt nữa vấp ngã trên sân nhà trước Dortmund" align=center src="http://dantri4.vcmedia.vn/uajiKupQ6reCuKKDlVlG/Image/2012/10/man-city-dortmund-a5d11.jpg" width=450 _fl=""></DIV>\r\n<DIV align=center><SPAN style="FONT-FAMILY: Tahoma; FONT-SIZE: 10pt">Man City suýt nữa vấp ngã trên sân nhà trước Dortmund</SPAN></DIV>\r\n<DIV align=center>&nbsp;</DIV>\r\n<P>Rõ ràng, đó không phải là những lời khen “đãi bôi” bởi anh chứng kiến trận đấu giữa Man City và Dortmund có thể thấy rằng dường như Man “xanh” chỉ có 1 người chơi bóng, đó chính là Joe Hart.</P>\r\n<P>Trên sân nhà, mặc dù Man City đã kiểm soát tới 64% thời lượng trận đấu (Dortmund chỉ có 36%) nhưng rõ ràng, đây là trận đấu mà nhà ĐKVĐ Premier League lép vế hoàn toàn so với “vị vua” tới từ nước Đức.</P>\r\n<P>Trong suốt 90 phút trận đấu, những chân sút của Dortmund đã bắn phá khung thành của Joe Hart tới 22 lần (trong khi Man City chỉ thực hiện 12 cú sút) nhưng rất may, sự xuất sắc của Joe Hart đã “giúp” Man City chịu thua đúng 1 lần (trong tình huống bất khả kháng khi trung vệ Man City mắc lỗi). Theo thống kê của giới chuyên gia, ít nhất, trong trận đấu này, Joe Hart đã cứu thua cho Man City tới…6 tình huống nguy hiểm từ phía Dortmund.</P>\r\n<P>Người Man City có thể cảm thấy vui bởi trận hòa (trên thế thua) này, họ có thể tung hô Joe Hart như một người hùng. Đúng vậy, nhưng dường như điều đó đã che lấp sự thật rằng đồng tiền không thể mua được đẳng cấp, bản lĩnh cho Man City ở đấu trường lớn như Champions League.</P>\r\n<P>Xét về thực lực, Man “xanh” không thua kém bất kỳ đội bóng nào ở Champions League, tất nhiên, họ vượt xa Dortmund nhưng trong trận đấu diễn ra ngay trên sân nhà, họ vẫn không thể biết cách biến lợi thế này để khẳng định sự vượt trội của mình, đó là điều còn thiếu để Man City thực sự vươn tầm “ông lớn” như Barcelona, Real Madrid, MU…</P>\r\n<DIV>&nbsp;</DIV>\r\n<DIV align=center><IMG style="MARGIN: 5px" alt="Joe Hart chính là người hùng trong trận hòa của Man City" align=center src="http://dantri4.vcmedia.vn/uajiKupQ6reCuKKDlVlG/Image/2012/10/man-city-dortmund1-a5d11.jpg" width=450 _fl=""></DIV>\r\n<DIV align=center><SPAN style="FONT-FAMILY: Tahoma; FONT-SIZE: 10pt">Joe Hart chính là người hùng trong trận hòa của Man City</SPAN></DIV>\r\n<DIV align=center>&nbsp;</DIV>\r\n<P>Theo dõi trận đấu của Man City với Dortmund mới đây, ngẫm lại cuộc chiến giữa họ và Napoli 1 năm trước đó (và trận mở màn với Real Madrid, người ta không thể quá nhiều sự thay đổi ở đội bóng này, họ vẫn chỉ như một “chú bé” học việc ở đấu trường của những “ông lớn” này.</P>\r\n<P>Tương tự như Man City, hình ảnh Lavezzi đá bay thùng đựng đá trong trận đấu với Porto chỉ khắc họa rõ nét hơn sự non kém của PSG ở Champions League sau nhiều năm vắng bóng này.</P>\r\n<P>Sau những lời tung hô với chiến thắng 4-1 trước D.Kiev trong trận mở màn, hình ảnh thực sự PSG đã được phơi bày trong trận đấu với Porto, một đội bóng không hề hơn họ (không muốn nói là thua kém) về lực lượng.</P>\r\n<P>Sự góp mặt của những người nhiều năm chinh chiến ở Champions League như Ibrahimovic hay HLV Ancelotti không thể mang tới đẳng cấp cho đội bóng này, dường như, PSG vẫn cần thêm thời gian học việc ở ', '', '2012-10-05 03:08:28', '0000-00-00 00:00:00', 'Chưa duyệt', 0),
(10, ' Giải tán 2 đội bóng của bầu Kiên ', ' (Dân trí) - Trước lễ tổng kết mùa giải 2012 tại TP.HCM, VFF - VPF lại đón nhận thêm áp lực khi 2 đội bóng của bầu Kiên tuyên bố giải tán do vấn đề kinh phí xuất phát từ việc chủ tịch Nguyễn Đức Kiên bị bắt giam hồi tháng 9.<br><a href="http://dantri.com.vn/c170/s170-642131/Bau-Kien-bi-khoi-to-toi-lua-dao-bat-hai-dong-pham.htm"><b>&nbsp;>>&nbsp;Bầu Kiên bị khởi tố tội "lừa đảo", bắt hai đồng phạm</b></a><br><a href="http://dantri.com.vn/c76/s76-633185/Chung-khoan-boc-hoi-56-ty-USD-sau-3-ngay-bau-Kien-bi-bat.htm"><b>&nbsp;>>&nbsp;Chứng khoán "bốc hơi" 5,6 tỷ USD sau 3 ngày bầu Kiên bị bắt</b></a> ', '<div class="fon34 mt3 mr2 fon43"><DIV style="MARGIN: 0in 0in 0pt" class=MsoNormal align=justify>Việc giải tán CLB bóng đá trẻ Hà Nội (hạng Nhất) và CLBBĐ Hà Nội (V-League) đã được đưa ra bàn vào chiều qua (4/10/2012). Phía lãnh đạo Công ty thể thao ACB không nêu rõ nguyên nhân từ bỏ bóng đá, nhưng người trong cuộc đều hiểu quyết định này được đưa ra xuất phát vụ bầu Kiên bị bắt tạm giam do những sai phạm ngoài bóng đá.</D', '', '2012-10-05 03:08:28', '0000-00-00 00:00:00', 'Chưa duyệt', 0);
INSERT INTO `unc_news` (`news_id`, `news_title`, `news_summary`, `news_content`, `news_author`, `news_post_date`, `news_modified_date`, `news_status`, `category_id`) VALUES
(11, ' Barca sẽ dùng cặp trung vệ Mascherano-Song trước Real Madrid ', ' (Dân trí) - Chấn thương mới đây của Puyol khiến Barca không còn một trung vệ đúng nghĩa nào cho trận Siêu kinh điển với Real Madrid cuối tuần này. Gần như chắc chắn, HLV Vilanova buộc phải sử dụng cặp Mascherano-Song ở Nou Camp. ', '<div class="fon34 mt3 mr2 fon43"><DIV style="MARGIN: 0in 0in 0pt" class=MsoNormal>HLV Tito Vilanova đang trải qua những thời điểm khó khăn nhất về nhân sự, dù ông đang cùng <?xml:namespace prefix = st1 ns = "urn:schemas-microsoft-com:office:smarttags" /><st1:City w:st="on"><st1:place w:st="on">Barcelona</st1:place></st1:City> giành hầu hết mọi chiến thắng. Vấn đề hàng thủ Barca hiện tại đang rất khó khăn, khi cặp trung vệ Puyol-Pique đều đang dính chấn thương, còn Abidal chưa thể trở lại thi đấu.</DIV>\r\n<DIV style="MARGIN: 0in 0in 0pt" class=MsoNormal>&nbsp;</DIV>\r\n<DIV style="MARGIN: 0in 0in 0pt" class=MsoNormal>&nbsp;</DIV>\r\n<DIV style="MARGIN: 0in 0in 0pt" class=MsoNormal align=center><SPAN style="FONT-FAMILY: Tahoma; FONT-SIZE: 10pt"><IMG style="MARGIN: 5px" alt="Cặp Song-Mascherano sẽ ra sân trước Real Madrid" align=center src="http://dantri4.vcmedia.vn/UjQgQgjU2baoHmB2Oa5Y/Image/2012/10/Song-28070.jpg" width=450 _fl=""><BR>Cặp Song-Mascherano sẽ ra sân trước Real Madrid<BR></SPAN></DIV>\r\n<P style="MARGIN: 0in 0in 0pt" class=MsoNormal><?xml:namespace prefix = o ns = "urn:schemas-microsoft-com:office:office" /><o:p>&nbsp;</o:p></P>\r\n<P style="MARGIN: 0in 0in 0pt" class=MsoNormal>Thủ quân Carles Puyol mới hồi phục sau chấn thương và anh đã bị gãy tay trong cuộc so tài với Benfica tại Da Luz và phải nghỉ thi đấu 2 tháng. Pique dính hạn từ trước đó 1 tuần và gần bình phục, nhưng cơ hội để cựu cầu thủ MU trở lại vào Nou Camp đêm 7/10 này là rất thấp.</P>\r\n<P style="MARGIN: 0in 0in 0pt" class=MsoNormal><o:p>&nbsp;</o:p></P>\r\n<P style="MARGIN: 0in 0in 0pt" class=MsoNormal>Hiện tại, ngoài một số cầu thủ trẻ thì Vilanova không còn trong tay một trung vệ đúng nghĩa nào. Tình thế buộc Vilanova phải sử dụng cặp trung vệ bất đắc dĩ Mascherano-Alex Song. Mascherano đã làm quen với vai trò này từ năm ngoái, còn Song chưa có nhiều kinh nghiệm và chỉ được đánh giá cao nhờ nền tảng thể lực.</P>\r\n<P style="MARGIN: 0in 0in 0pt" class=MsoNormal><o:p>&nbsp;</o:p></P>\r\n<P style="MARGIN: 0in 0in 0pt" class=MsoNormal>Đây thực sự là tổn thất quá lớn với Barcelona, nhất là khi Real Madrid đang sở hữu hàng công quá mạnh với các gương mặt như Ronaldo, Di Maria, Benzema. Vilanova cũng còn 2 trung vệ là Marc Bartra và Andreu Fontàs, nhưng cả hai còn quá thiếu kinh nghiệm trận mạc.</P>\r\n<P style="MARGIN: 0in 0in 0pt" class=MsoNormal><o:p>&nbsp;</o:p></P>\r\n<P style="MARGIN: 0in 0in 0pt" class=MsoNormal>Nhằm bù đắp những thiếu hụt ở hàng thủ, con đường duy nhất để <st1:City w:st="on"><st1:place w:st="on">Barcelona</st1:place></st1', '', '2012-10-05 03:08:28', '0000-00-00 00:00:00', 'Chưa duyệt', 0),
(12, ' Federer bị dọa giết ở Thượng Hải ', ' (Dân trí) - Nguồn tin từ báo giới quốc tế cho biết tay vợt Roger Federer đã bị một kẻ giấu mặt dọa giết trên mạng sau khi anh chuẩn bị đặt chân đến Thượng Hải (Trung Quốc) dự giải Shanghai Masters mở rộng. ', '<div class="fon34 mt3 mr2 fon43"><P style="MARGIN: 0in 0in 0pt" class=MsoNormal><?xml:namespace prefix = o ns = "urn:schemas-microsoft-com:office:office" /><o:p>&nbsp;</o:p></P>\r\n<DIV style="MARGIN: 0in 0in 0pt" class=MsoNormal>Blogger viết trên mạng: “Ngày 6/10 tới đây, tôi sẽ vạch ra kế hoạch ám sát Federer khi anh ta tham dự <?xml:namespace prefix = st1 ns = "urn:schemas-microsoft-com:office:smarttags" /><st1:City w:st="on"><st1:place w:st="on">Shanghai</st1:place></st1:City> Masters" . Dòng tin nhắn trên được viết dưới cái tên <I style="mso-bidi-font-style: normal">Blue Cat Polytheistic Religion Founder 07</I> trên trang Baidu.</DIV>\r\n<DIV style="MARGIN: 0in 0in 0pt" class=MsoNormal>&nbsp;</DIV>\r\n<DIV style="MARGIN: 0in 0in 0pt" class=MsoNormal>&nbsp;</DIV><o:p>\r\n<DIV style="MARGIN: 0in 0in 0pt" class=MsoNormal align=center><SPAN style="FONT-FAMILY: Tahoma; FONT-SIZE: 10pt"><IMG style="MARGIN: 5px" align=center src="http://dantri4.vcmedia.vn/UjQgQgjU2baoHmB2Oa5Y/Image/2012/10/Roger-25621.jpg" width=450 _fl="" alt="Roger Federer bị một người giấu mặt dọa ám sát"><BR>Roger Federer bị một người giấu mặt dọa ám sát<BR></SPAN></DIV></o:p>\r\n<P style="MARGIN: 0in 0in 0pt" class=MsoNormal><o:p>&nbsp;</o:p></P>\r\n<P style="MARGIN: 0in 0in 0pt" class=MsoNormal>Thậm chí, chủ tài khoản này còn thể hiện sự đáng sợ bằng cách đăng bức ảnh chế, với hình ảnh Federer bị chặt đầu gối trên sân tennis. Và đứng bên cạnh là một tên đeo mặt nạ, và cầm búa rìu đầy hăm dọa đối với tay vợt người Thụy Sỹ.<o:p></o:p></P>\r\n<P style="MARGIN: 0in 0in 0pt" class=MsoNormal><o:p>&nbsp;</o:p></P>\r\n<P style="MARGIN: 0in 0in 0pt" class=MsoNormal>Người phát ngôn của BTV giải Shanghai Masters, Yang Yibin lên tiếng trấn an Federer: <SPAN style="mso-spacerun: yes">&nbsp;</SPAN>“Cảnh sát sẽ được BTC giải đấu liên hệ để tăng cường công tác bảo vệ cho Federer. Chúng tôi hy vọng CĐV này chỉ hăm họa và không có một hành động nào. Nhưng BTC sẽ xem xét đưa ra biện p', '', '2012-10-05 03:08:28', '0000-00-00 00:00:00', 'Chưa duyệt', 0),
(13, ' Khi phụ huynh không dám đối mặt với “lạm thu”  ', ' <a href = "http://dantri.com.vn/c25/s25-647755/khi-phu-huynh-khong-dam-doi-mat-voi-lam-thu.htm" ><img border="0" src="http://dantri21.vcmedia.vn/zoom/130_100/vtfPRccccccccccccodZ/Image/2012/10/thu-phi-ed2c7.jpg" /></a>(Dân trí) - Đã có văn bản pháp lý để làm cơ sở căn cứ khi tham gia đóng góp các khoản đầu năm học nhưng nhiều phụ huynh vẫn bày tỏ bức xúc của mình về việc “lạm thu”. Tuy nhiên, họ không dám phản ánh trực diện bởi lo sợ ảnh hưởng đến con em mình.<br><a href="http://dantri.com.vn/c25/s25-631481/Ha-oi-Chan-chinh-nan-lam-thu-vao-dau-nam-hoc.htm"><b>&nbsp;>>&nbsp;Hà Nội: Chấn chỉnh nạn lạm thu vào đầu năm học</b></a> ', '<div class="fon34 mt3 mr2 fon43"><P align=left><SPAN style="FONT-WEIGHT: bold">Phụ huynh “tiếp tay” cho lạm thu</SPAN></P>\r\n<P align=left>Qua đường dây nóng của báo điện tử <SPAN style="FONT-STYLE: italic">Dân trí,</SPAN> một bậc phụ huynh tên T. ở huyện Thường Tín (Hà Nội) bức xúc chia sẻ: “Theo dõi thông tin báo đài thấy Sở GD-ĐT quy định không thu tiền bảo vệ, trông xe, quét dọn nhưng trường tiểu học T.T vẫn “xé rào” thực hiện”. Khi PV hỏi khoản này có biên lai thu hay không thì phụ huynh này chỉ ngậm ngùi nói: “Nhà trường chỉ nói bằng miệng không có văn bản hay phiếu thu”. <SPAN style="FONT-WEIGHT: bold"></SPAN></P>\r\n<P align=left>Đó là một trong hàng trăm tình huống liên quan đến công tác thu chi đầu năm ở Hà Nội mà chúng tôi tiếp nhận được. Qua đây mới thấy, không khó để các trường “lách luật” lạm thu nhưng vấn đề đặt ra: Phụ huynh biết khoản thu là không đúng quy định nhưng vẫn “nhắm mắt” nộp cho xong!</P>\r\n<DIV align=left>Giải thích về “nghịch lý này” này, chị L.T.P ở quận Đống Đa chia sẻ: “Mình mà có ý kiến với giáo viên chủ nhiệm thì thế nào con mình cũng bị “đì”. Chính vì thế ấm ức là thế nhưng không dám nói ra”. Khi PV đặt vấn đề, nếu phụ huynh đã sợ như vậy thì sao lại đi phản ánh sự việc với người bên ngoài lỡ đến tai nhà trường thì sao? Chị chỉ&nbsp;cúi đầu im lặng!</DIV>\r\n<DIV align=left>&nbsp;</DIV>\r\n<DIV align=center><IMG style="MARGIN: 5px" alt="Lo sợ nên nhiều phụ huynh không dám lên tiếng dù biết trường thu sai (ảnh minh họa)" align=center src="http://dantri4.vcmedia.vn/HbxTheXQ02TdWUD081Fn/Image/2012/10/anh1_04102012-ce450.jpg" width=450 _fl=""><BR><SPAN style="FONT-FAMILY: Arial; FONT-SIZE: 10pt">Lo sợ nên nhiều phụ huynh không dám lên tiếng dù biết trường thu sai (ảnh minh họa)</SPAN></DIV>\r\n<P align=left>Khi PV đem những chia sẻ của bậc phụ huynh tâm sự với cô L.T.Y - hiệu trưởng một trường tiểu học thuộc Quận Ba Đình, cô&nbsp;lắc đầu chia sẻ: “Tôi không biết phụ huynh lo ngại gì khi phản ánh những cái không đúng để qua đó nhà trường rút kinh nghiệm và điều chỉnh kịp thời. Là một nhà giáo, tôi thiết nghĩ chẳng có một ai lại dại dột đi “trù dập” học sinh, bởi không chỉ nhà trường mà còn có cả xã hội giám sát”.</P>\r\n<P align=left>Cũng theo cô Y, thì tâm lý lo ngại sợ thầy cô “đì” con em mình đã ngấm vào tư tưởng của không ít phụ huynh. Chính vì thế biết trường làm sai nhưng lại không dám góp ý, lên tiêng. Tư duy này cần phải được sớm thay đổi. </P>\r\n<P align=left>“Cá nhân tôi luôn công khai số điện thoại cá nhân cho phụ huynh biết. Bất kì điều gì mà phụ huynh thắc mắc hoặc chưa hiểu rõ, tôi sẵn sàng gặp để giải thích kỹ càng. Thiết nghĩ, ngày nay không khó để phụ huynh có thể gặp gỡ nhà trường để trao đổi, góp ý nhưng không ít người lại từ chối làm điều đó.”&nbsp;- cô Y. bộc bạch. </P>\r\n<P align=left><SPAN style="FONT-WEIGHT: bold">Và những điều khó hiểu</SPAN></P>\r\n<P align=left>Phụ huynh ngại lên tiếng với nhà trường thì còn có thể đưa ra những lời biện minh nhưng nhiều khi, ngay bản thân phụ huynh với nhau cũng “sợ”. Để chấn chỉnh công tác thu chi cũng như định hướng Ban đại diện cha mẹ phụ huynh hoạt động đúng mục đích, Bộ GD-ĐT đã ban hành Thông tư số 55 trong đó nếu rõ quyền của cha mẹ HS. Theo đó, cha mẹ HS có thể từ chối ủng hộ khi được Ban đại diện cha mẹ HS lớp, Ban đại diện cha mẹ HS trường đề xuất các khoản ủng hộ, nếu bản thân không tự nguyện; Thực hiện hoặc không thực hiện những nội dung chưa được thống nhất ý kiến trong cuộc họp toàn thể cha mẹ HS hoặc cuộc họp Ban đại diện cha mẹ HS…</P>\r\n<P align=left>Rõ ràng, rành mạnh là thế nhưng dường như nhiều bậc phụ huynh lại quên đi cái quyền đáng có của mình. “Thấy Ban đại diện cha mẹ HS bảo đóng bao nhiêu thì mình nộp như vậy. Với lại ai cũng đóng mà mình từ chối thì cũng không hay” - phụ huynh tên L. ở quận Đống Đa chia sẻ. </P>\r\n<P align=left>Theo tìm hiểu, thì phần lớn các cuộc họp Hội cha mẹ phụ huynh HS đều có sự xuất hiện của giáo viên chủ nhiệm các lớp. Do đó tâm lý ai cũng ngại “va chạm”. Thậm chí có người còn tiết lộ: “Mình phản đối có khi lại bị chính Ban đại điện cha mẹ phụ huynh HS trao đổi lại với thầy cô. Im lặng là vàng!”.</P>\r\n<P align=left>Tuy nhiên, vẫn còn đó một số ít người dám lên tiếng phản đối khi thấy Ban đại diện cha mẹ HS đưa ra các khoản thu chi không minh bạch. Chị H., một trong những phụ huynh “hiếm hoi” của một trường mầm non ở quận Cầu Giấy (Hà Nôi) từ chối đóng góp các khoản không hợp lệ, chia sẻ: “Chẳng có kế hoạch gì nhưng lại yêu cầu đóng góp các khoản quỹ hội phụ huynh, quỹ lớp, tiền làm sàn gỗ… lên đến tiền triệu. Tôi cương quyết không nộp vì thấy bất hợp lý”. Cũng theo lời chị H. thì ngay khi Ban đại diện cha mẹ phụ huynh HS&nbsp;phát động thì phần lớn phụ huynh đã đóng góp cho dù ấm ức trong lòng.</P>\r\n<P align=left>Khi được hỏi chị có lo ngại điều gì không, chị H. thành thật chia sẻ: “Tất nhiên là cũng có. Nhưng cũng may mắn là cháu mới học ở bậc mẫu giáo. Nếu không phù hợp thì mình có thể xin chuyển ra học ở trường tư”.</P>\r\n<P align=left>Với việc phụ huynh “lo sợ” nên dẫn đến “vô cảm”&nbsp;trước&nbsp;các khoản thu không đúng quy định thì dù có ban hành văn bản hay giám sát chặt chẽ bao nhiêu đi nữa thì bài toán lạm thu không bao giờ có lời giải cuối cùng. Chỉ khi nào chính bản thân các phụ huynh phải là người tiên phong trong việc chống lạm thu và dẹp đi được mối “lo sợ” không đáng có, lúc đó bài toán này có lẽ mới có lời giải đáp. </P>\r\n<P align=right><SPAN style="FONT-WEIGHT: bold">S.H</SPAN></P><input type="hidden" value="/c25s25/giaoduc-khuyenhoc/trang-1.htm" id="hidNextUsing"/></div>\r\n \r\n <div itemscope itemtype="http://schema.org/webpage" style="display: none !important;">\r\n <span itemprop="name">Khi phụ huynh không dám đối mặt với “lạm thu” </span>\r\n <img id="ctl00_IDContent_ctl00_imgAvatar_2" itemprop="image" src="http://dantri21.vcmedia.vn/zoom/70_70/vtfPRccccccccccccodZ/Image/2012/10/thu-phi-ed2c7.jpg" alt="Khi phụ huynh không dám đối mặt với “lạm thu” " style="border-width:0px;" />\r\n <div id="static_rating" itemprop="aggregateRating" itemscope itemtype="http://schema.org/AggregateRating">\r\n  <span itemprop="ratingValue">9</span>\r\n  <span itemprop="bestRating">10</span>\r\n  <span itemprop="ratingCount">7789</span>\r\n </div>\r\n </div>\r\n <div class="hrecipe" style="position: fixed; bottom: -1000px; left: -1000px;">\r\n <span class="item">\r\n  <span class="item">\r\n  <span class="fn">\r\n   Khi phụ huynh không dám đối mặt với “lạm thu” </span>\r\n  </span>\r\n  <img id="ctl00_IDContent_ctl00_imgAvatar_3" class="photo" src="http://dantri21.vcmedia.vn/zoom/70_70/vtfPRccccccccccccodZ/Image/2012/10/thu-phi-ed2c7.jpg" alt="Khi phụ huynh không dám đối mặt với “lạm thu” " style="border-width:0px;" />\r\n  <span class="review hreview-aggregate">\r\n  <span class="rating">\r\n   <span class="best">10</span>\r\n   <span class="average">9</span> \r\n   <span class="count"> 7789</span>\r\n  </span> \r\n  </span>\r\n </span>\r\n </div>\r\n \r\n <div style="text-align:center; padding-top:5px" id="div_tamlongnhanai"></div>\r\n <div style="text-align:center; padding-top:5px"><script type="text/javascript" src="http://admicro1.vcmedia.vn/ads_codes/ads_box_230.ads"></script></div>\r\n <div class="emailprint">\r\n <ul>\r\n  <li><a href="javascript:;" onclick="share_facebook();" style="margin-right: 2px" rel="nofollow"><img src="http://dantri3.vcmedia.vn/App_Themes/Default/Images/facebook1.gif" alt="Share on Facebook" border="0" style="height:20px;padding-top:4px;vertical-align:top;width:20px"/> </a></li>\r\n  <li><a href="javascript:;" onclick="share_twitter();" style="margin-right: 2px" rel="nofollow"><img src="http://dantri3.vcmedia.vn/App_Themes/Default/Images/twitter1.gif" alt="Share on Twitter" border="0" style="height:20px;padding-top:4px;vertical-align:top;width:20px"/></a></li>\r\n  <li><a href="javascript:;" onclick="share_google();" style="margin-right: 2px" rel="nofollow"><img src="http://dantri3.vcmedia.vn/App_Themes/Default/Images/google1.gif" alt="Share on Google" border="0" style="height:20px;padding-top:4px;vertical-align:top;width:20px"/></a></li>\r\n  <li><a href="javascript:;" onclick="share_buzz();" rel="nofollow"><img src="http://dantri3.vcmedia.vn/App_Themes/Default/Images/buzz1.gif" alt="Share on Buzz" border="0" style="height:20px;padding-top:4px;vertical-align:top;width:20px"/></a></li>\r\n  <li><a class="dt-print" href="javascript:;" onclick="return OpenPrint();" rel="nofollow"><span>in</span></a></li>\r\n  <li><a class="dt-respond" href="javascript:;" onclick="ShowHideComment();return false;" rel="nofollow"><span>Xem phản hồi</span></a></li>\r\n  <li><a class="dt-respond" href="javascript:;" onclick="ShowHideSendComment();return false;', '', '2012-10-05 03:08:29', '0000-00-00 00:00:00', 'Chưa duyệt', 0),
(14, ' Triển lãm “Chủ tịch Hồ Chí Minh - tấm gương học tập suốt đời”  ', ' (Dân trí) - Ngày 4/10, tỉnh Thừa Thiên - Huế tổ chức triển lãm “Chủ tịch Hồ Chí Minh - tấm gương học tập suốt đời” hưởng ứng Tuần lễ học tập suốt đời năm 2012 do Bộ GD-ĐT và Trung ương Hội Khuyến học VN phát động chủ đề "Học để trở thành người công dân tốt". ', '<div class="fon34 mt3 mr2 fon43">\r\n<STYLE>\r\nst1:*{behavior:url(#ieooui) }\r\n</STYLE>\r\nTriển lãm tại Bảo tàng Hồ Chí Minh Huế đến 15/10 giới thiệu gần 250 tư liệu, hình ảnh, hiện vật về tấm gương tự học mẫu mực và vai trò to lớn của Chủ tịch Hồ Chí Minh trong việc xây dựng một xã hội học tập và học tập suốt đời ở Việt Nam. \r\n<P style="TEXT-ALIGN: center" class=MsoNormal></P>\r\n<DIV style="TEXT-ALIGN: center"><IMG style="MARGIN: 5px" alt="Nhìn lại những chặng đường học tập đầy gian khó và vinh quang của Bác Hồ" align=middle src="http://dantri4.vcmedia.vn/HvrZZiM2C5QLR4u67tfR/Image/2012/19/51010-e14b1.JPG" width=301 _fl=""></DIV>\r\n<P></P>\r\n<DIV class=MsoNormal>Triển lãm chia làm 5 phần: Truyền thống khuyến học và trọng hiền tài của Việt Nam, Chủ tịch Hồ Chí Minh - Tấm gương mẫu mực về học tập suốt đời, Chủ tịch Hồ Chí Minh với việc xây dựng xã hội học tập và học tập suốt đời ở Việt Nam, Việt Nam trong quá trình xây dựng xã hội học tập và học tập suốt đời, Thừa Thiên - Huế xây dựng, phát triển xã hội học tập và học tập suốt đời.</DIV>\r\n<DIV class=MsoNormal><BR>Thông qua các hình ảnh, tư liệu, hiện vật trưng bày, triển lãm nhằm đẩy mạnh việc xây dựng xã hội học tập, góp phần động viên, cổ vũ các tầng lớp nhân dân tích cực học tập và học tập suốt đời; tuyên truyền, giới thiệu về năng lực cung ứng giáo dục của các cơ sở giáo dục và thiết chế giáo dục ngoài nhà trường trong việc đáp ứng nhu cầu học tập suốt đời của người dân. </DIV>\r\n<P class=MsoNormal><EM>Dưới đây là một số hình ảnh đáng nhớ về Bác&nbsp;- vị lãnh tụ tối cao dân tộc, người cha già tận tụy của mọi tầng lớp nhân dân đã luôn đề cao tinh thần học tập trong mọi hoàn cảnh và điều kiện để có đủ tri thức lãnh đạo đất nước chống ngoại xâm, cũng như tiến đến sánh vai cùng cường quốc năm châu trên khắp thế giới được trưng bày tại triển lãm:</EM></P>\r\n<P style="TEXT-ALIGN: center" class=MsoNormal></P>\r\n<DIV style="TEXT-ALIGN: center"><IMG style="MARGIN: 5px" alt="Nhìn lại những chặng đường học tập đầy gian khó và vinh quang của Bác Hồ" align=middle src="http://dantri4.vcmedia.vn/HvrZZiM2C5QLR4u67tfR/Image/2012/19/51011-e14b1.JPG" width=448 _fl=""><BR><SPAN style="FONT-FAMILY: Tahoma; FONT-SIZE: 10pt; mso-bidi-font-size: 12.0pt">“Người An Nam rất hiếu học. Trong các tầng xã hội, người sĩ phu chiếm địa vị hàng đầu. Có con học giỏi là một vinh hạnh cho cha mẹ. Cho nên, dù có nghèo đói đến đâu, cha mẹ cũng cố tìm cách cho con cái được học hành. “Nửa bụng chữ bằng một hũ vàng” là một câu tục ngữ biểu hiện nhiệt tình ham muốn có học thức của dân tộc An Nam” - Nguyễn Ái Quốc năm 1924.</SPAN><BR></DIV>\r\n<DIV style="TEXT-ALIGN: center"><IMG style="MARGIN: 5px" alt="Ngay từ" align=middle src="http://dantri4.vcmedia.vn/HvrZZiM2C5QLR4u67tfR/Image/2012/19/51012-e14b1.JPG" width=403 _fl=""><BR><SPAN style="FONT-FAMILY: Tahoma; FONT-SIZE: 10pt; mso-bidi-font-size: 12.0pt">Ngay từ<SPAN style="mso-spacerun: yes">&nbsp;</SPAN>nhỏ, Nguyễn Tất Thành đã được nghe cha và các bạn hữu của cha bàn luận về thời cuộc.</SPAN><BR></DIV>\r\n<DIV style="TEXT-ALIGN: center"><IMG style="MARGIN: 5px" alt="Ngay từ" align=middle src="http://dantri4.vcmedia.vn/HvrZZiM2C5QLR4u67tfR/Image/2012/19/51013-e14b1.JPG" width=448 _fl=""><BR><SPAN style="FONT-FAMILY: Tahoma; FONT-SIZE: 10pt; mso-bidi-font-size: 12.0pt">Ngôi nhà của thầy Vương Thúc Quý ở làng Sen, xã Kim Liên, huyện Nam Đàn, tỉnh Nghệ An, nơi Nguyễn Tất Thành theo học chữ Hán thời niên thiếu.</SPAN><BR></DIV>\r\n<DIV style="TEXT-ALIGN: center"><IMG style="MARGIN: 5px" alt="st1:*{behavior:url(#ieooui) }" align=middle src="http://dantri4.vcmedia.vn/HvrZZiM2C5QLR4u67tfR/Image/2012/19/51015-e14b1.JPG" width=336 _fl=""><BR>\r\n<STYLE>\r\nst1:*{behavior:url(#ieooui) }\r\n</STYLE>\r\n<SPAN style="FONT-FAMILY: Tahoma; FONT-SIZE: 10pt; mso-bidi-font-size: 12.0pt">Khách sạn Carlton ở Thủ đô London, vương quốc Anh nơi Nguyễn Tất Thành vừa làm thuê vừa tự học tiếng Anh trong những năm 1914-1917.</SPAN><BR></DIV>\r\n<DIV style="TEXT-ALIGN: center"><IMG style="MARGIN: 5px" alt="st1:*{behavior:url(#ieooui) }" align=middle src="http://dantri4.vcmedia.vn/HvrZZiM2C5QLR4u67tfR/Image/2012/19/51016-e14b1.JPG" width=448 _fl=""><BR><SPAN style="FONT-FAMILY: Tahoma; FONT-SIZE: 10pt; mso-bidi-font-size: 12.0pt">Một số tác phẩm của các học giả, nhà văn nổi tiếng mà Nguyễn Ái Quốc đã đọc và nghiên cứu trong thời gian sống và hoạt động ở Anh, Pháp, Nga…</SPAN> <BR></DIV>\r\n<DIV style="TEXT-ALIGN: center"><IMG style="MARGIN: 5px" alt="st1:*{behavior:url(#ieooui) }" align=middle src="http://dantri4.vcmedia.vn/HvrZZiM2C5QLR4u67tfR/Image/2012/19/51017-e14b1.JPG" width=448 _fl=""><BR><SPAN style="FONT-FAMILY: Tahoma; FONT-SIZE: 10pt; mso-bidi-font-size: 12.0pt">Trong lý lịch của đại biểu tham dự Đại hội VII Quốc tế Cộng sản năm 1935 ở Matxcơva, Nguyễn Ái Quốc (bí danh là Lin) đã khai biết 6 ngoại ngữ là Pháp, Anh, Trung Quốc, Ý, Đức và Nga.</SPAN><BR></DIV>\r\n<DIV style="TEXT-ALIGN: center"><IMG style="MARGIN: 5px" alt="st1:*{behavior:url(#ieooui) }" align=middle src="http://dantri4.vcmedia.vn/HvrZZiM2C5QLR4u67tfR/Image/2012/19/51018-e14b1.JPG" width=380 _fl=""></DIV>\r\n<DIV style="TEXT-ALIGN: center"><IMG style="MARGIN: 5px" alt="st1:*{behavior:url(#ieooui) }" align=middle src="http://dantri4.vcmedia.vn/HvrZZiM2C5QLR4u67tfR/Image/2012/19/51019-e14b1.JPG" width=448 _fl=""><BR>\r\n<STYLE>\r\nst1:*{behavior:url(#ieooui) }\r\n</STYLE>\r\n<SPAN style="FONT-FAMILY: Tahoma; FONT-SIZE: 10pt; mso-bidi-font-size: 12.0pt">Nói về cách tự học của bản thân, tại đại hội lần thứ 2 Hội Nhà báo Việt Nam, Chủ tịch Hồ Chí Minh tâm sự: “Một là học trong đời sống của mình, hai là học ở giai cấp công nhân… Kinh nghiệm của 40 năm là không sợ khó, có quyết tâm, không biết thì phải cố gắng học, mà cố gắng học thì nhất định học được” - Hà Nội, 16/4/1959.</SPAN> <BR></DIV>\r\n<DIV style="TEXT-ALIGN: center"><IMG style="MARGIN: 5px" alt="st1:*{behavior:url(#ieooui) }" align=middle src="http://dantri4.vcmedia.vn/HvrZZiM2C5QLR4u67tfR/Image/2012/19/51020-e14b1.JPG" width=448 _fl=""><BR><SPAN style="FONT-FAMILY: Tahoma; FONT-SIZE: 10pt; mso-bidi-font-size: 12.0pt">Dù bận trăm công nghìn việc nhưng đọc sách để mở mang kiến thức là một trong những việc thường nhật của Chủ tịch Hồ Chí Minh ở chiến khu Việt Bắc, 1951.</SPAN><BR></DIV>\r\n<DIV style="TEXT-ALIGN: center"><IMG style="MARGIN: 5px" alt="st1:*{behavior:url(#ieooui) }" align=middle src="http://dantri4.vcmedia.vn/HvrZZiM2C5QLR4u67tfR/Image/2012/19/51021-e14b1.JPG" width=336 _fl=""><BR>\r\n<STYLE>\r\nst1:*{behavior:url(#ieooui) }\r\n</STYLE>\r\n<SPAN style="FONT-FAMILY: Tahoma; FONT-SIZE: 10pt; mso-bidi-font-size: 12.0pt">Bác luôn quan tâm, tìm hiểu, nghiên cứu lịch sử văn hóa dân tộc. <EM>Trong ảnh:</EM> Bác đang đọc bia ghi danh những tiến sĩ đầu tiên của Việt Nam tại Văn Miếu Quốc Tử Giám, Hà Nội 29/1/1960.</SPAN><BR></DIV>\r\n<DIV style="TEXT-ALIGN: center"><IMG style="MARGIN: 5px" alt="st1:*{behavior:url(#ieooui) }" align=middle src="http://dantri4.vcmedia.vn/HvrZZiM2C5QLR4u67tfR/Image/2012/19/51022-e14b1.JPG" width=448 _fl=""><BR><SPAN style="FONT-FAMILY: Tahoma; FONT-SIZE: 10pt; mso-bidi-font-size: 12.0pt">Chủ tịch Hồ Chí Minh thường tự tay đánh máy các bài nói, bài viết của mình trong thời gian Người sống và làm việc tại Phủ Chủ tịch thời gian từ 1954-1969.</SPAN><BR></DIV>\r\n<DIV style="TEXT-ALIGN: center"><IMG style="MARGIN: 5px" alt="st1:*{behavior:url(#ieooui) }" align=middle src="http://dantri4.vcmedia.vn/HvrZZiM2C5QLR4u67tfR/Image/2012/19/51023-e14b1.JPG" width=448 _fl=""><BR>\r\n<STYLE>\r\nst1:*{behavior:url(#ieooui) }\r\n</STYLE>\r\n<SPAN style="FONT-FAMILY: Tahoma; FONT-SIZE: 10pt; mso-bidi-font-size: 12.0pt">Hưởng ứng lời kêu gọi của Chủ tịch Hồ Chí Minh: “Mọi người Việt Nam phải biết đọc, biết viết chữ quốc ngữ”, nhân dân ta hăng hái tham gia phong trào “Bình dân học vụ” trong những năm 1945, 1946, 1947. Các cụ già hăng hái học (1); Bà con tranh thủ học chữ lúc chờ đò qua sông (2); Anh Cao Xuân Lượng, cán bộ bình dân học vụ hướng dẫn bà con học ngay đầu làng (3); Mở lớp học ngay gốc cây đầu làng khi bà con đi học về (4).</SPAN> </DIV>\r\n<DIV style="TEXT-ALIGN: center"><IMG style="MARGIN: 5px" alt="st1:*{behavior:url(#ieooui) }" align=middle src="http://dantri4.vcmedia.vn/HvrZZiM2C5QLR4u67tfR/Image/2012/19/51024-e14b1.JPG" width=448 _fl=""><BR><SPAN style="FONT-FAMILY: Tahoma; FONT-SIZE: 10pt; mso-bidi-font-size: 12.0pt">Chủ tich Hồ Chí Minh nói chuyện tại hội nghị “Diên Hồng diệt dốt” của phụ lão huyện Thanh Trì, Hà Đông, 10/5/1958.</SPAN><BR></DIV>\r\n<DIV style="TEXT-ALIGN: center"><IMG style="MARGIN: 5px" alt="st1:*{behavior:url(#ieooui) }" align=middle src="http://dantri4.vcmedia.vn/HvrZZiM2C5QLR4u67tfR/Image/2012/19/51025-e14b1.JPG" width=336 _fl=""><BR><SPAN style="FONT-FAMILY: Tahoma; FONT-SIZE: 10pt; mso-bidi-font-size: 12.0pt">Bút tích Hồ Chủ Tịch gửi cụ Vi Văn Đằng, xã Kim Đa, huyện Tương Dương, Nghệ An 1/12/1959. Người khen ngợi và gửi tặng huy hiệu cho cụ vì tuy đã 120 tuổi nhưng vẫn hăng hái đi học chữ Quốc ngữ.</SPAN><BR>\r\n<DIV><IMG style="MARGIN: 5px" alt="Chân dung của bác tặng “Chiến sĩ diệt dốt”" align=middle src="http://dantri4.vcmedia.vn/HvrZZiM2C5QLR4u67tfR/Image/2012/19/51028-e14b1.JPG" width=299 _fl=""><SPAN style="FONT-FAMILY: Tahoma; FONT-SIZE: 10pt; mso-bidi-font-size: 12.0pt"><BR>Chân dung của Bác tặng “Chiến sĩ diệt dốt”.</SPAN></DIV></DIV>\r\n<DIV style="TEXT-ALIGN: center"><IMG style="MARGIN: 5px" alt="st1:*{behavior:url(#ieooui) }" align=middle src="http://dantri4.vcmedia.vn/HvrZZiM2C5QLR4u67tfR/Image/2012/19/51026-e14b1.JPG" width=448 _fl=""><BR>\r\n<STYLE>\r\nst1:*{behavior:url(#ieooui) }\r\n</STYLE>\r\n<SPAN style="FONT-FAMILY: Tahoma; FONT-SIZE: 10pt; mso-bidi-font-size: 12.0pt">Chủ tịch nói chuyện với nam nữ thanh niên học sinh các trường Trung học Nguyễn Trãi, Chu Văn An, Trưng Vương (Hà Nội). Người nhắc nhở thanh niên phải ra sức học tập để xứng đáng là người chủ tương lai của nước nhà, 18/12/1954.</SPAN><BR></DIV>\r\n<DIV style="TEXT-ALIGN: center"><IMG style="MARGIN: 5px" alt="Chủ tịch thăm lớp vỡ lòng Trường cấp I Dân lập phố Hàng Than, Hà Nội, 31-12-1958" align=middle src="http://dantri4.vcmedia.vn/HvrZZiM2C5QLR4u67tfR/Image/2012/19/51027-e14b1.JPG" width=435 _fl=""><SPAN style="FONT-FAMILY: Tahoma; FONT-SIZE: 10pt; mso-bidi-font-size: 12.0pt"><BR>Chủ tịch thăm lớp vỡ lòng Trường cấp I Dân lập phố Hàng Than, Hà Nội, 31/12/1958.</SPAN></DIV>\r\n<P></P>\r\n<P style="TEXT-ALIGN: right" class=MsoNormal align=right><SPAN style="FONT-WEIGHT: bold">Đại Dương</SPAN></P><input type="hidden" value="/c25s25/giaoduc-khuyenhoc/trang-1.htm" id="hidNextUsing"/></div>\r\n \r\n <div itemscope itemtype="http://schema.org/webpage" style="display: none !important;">\r\n <span itemprop="name">Triển lãm “Chủ tịch Hồ Chí Minh - tấm gương học tập suốt đời” </span>\r\n <img id="ctl00_IDContent_ctl00_imgAvatar_2" itemprop="image" src="http://dantri21.vcmedia.vn/zoom/70_70/HvrZZiM2C5QLR4u67tfR/Image/2012/19/51027-e14b1.JPG" alt="Triển lãm “Chủ tịch Hồ Chí Minh - tấm gương học tập suốt đời” " style="border-width:0px;" />\r\n <div id="static_rating" itemprop="aggregateRating" itemscope itemtype="http://schema.org/AggregateRating">\r\n  <span itemprop="ratingValue">7</span>\r\n  <span itemprop="bestRating">10</span>\r\n  <span itemprop="ratingCount">1</span>\r\n </div>\r\n </div>\r\n <div class="hrecipe" style="position: fixed; bottom: -1000px; left: -1000px;">\r\n <span class="item">\r\n  <span class="item">\r\n  <span class="fn">\r\n   Triển lãm “Chủ tịch Hồ Chí Minh - tấm gương học tập suốt đời” </span>\r\n  </span>\r\n  <img id="ctl00_IDContent_ctl00_imgAvatar_3" class="photo" src="http://dantri21.vcmedia.vn/zoom/70_70/HvrZZiM2C5QLR4u67tfR/Image/2012/19/51027-e14b1.JPG" alt="Triển lãm “Chủ tịch Hồ Chí Minh - tấm gương học tập suốt đời” " style="border-width:0px;" />\r\n  <spa', '', '2012-10-05 03:08:29', '0000-00-00 00:00:00', 'Chưa duyệt', 0),
(15, ' Nữ sinh 12 tuổi có IQ cao hơn cả… Einstein ', ' (Dân trí) - Cô bé 12 tuổi Olivia Manning ở Liverpool (nước Anh) vừa được phát hiện có chỉ số IQ cao hơn cả nhà vật lý Đức Einstein và giáo sư thiên tài người Anh Stephen Hawking. ', '<div class="fon34 mt3 mr2 fon43"><P>Olivia Manning có chỉ số IQ là 162 trong khi mức IQ trung bình trên thế giới chỉ là 100. Không những thế, chỉ số IQ của Olivia còn cao hơn cả Einstein và Stephen Hawking đến hai điểm, đưa Olivia lọt vào nhóm 1% những người thông minh nhất thế giới.&nbsp;</P>\r\n<DIV align=center><SPAN style="FONT-FAMILY: Tahoma; FONT-SIZE: 10pt">\r\n<DIV><IMG style="MARGIN: 5px" align=center src="http://dantri4.vcmedia.vn/vtfPRccccccccccccodZ/Image/2012/10/oli-92bfd.jpg" width=455 _fl="" alt="Olivia Manning có chỉ số IQ là 162."></DIV></SPAN></DIV>\r\n<DIV align=center><SPAN style="FONT-FAMILY: Tahoma; FONT-SIZE: 10pt">Olivia Manning có chỉ số IQ là 162.</SPAN></DIV>\r\n<P>Vừa qua, Olivia đã được chào đón vào Mensa - câu lạc bộ của những người có chỉ số IQ cao nhất thế giới.</P>\r\n<P>"Ngày càng có nhiều người đến nhờ cháu làm hộ bài tập về nhà. Cháu chỉ rất thích các thách thức và bắt trí não mình phải hoạt động", cô bé nói.</P>\r\n<DIV align=center><SPAN style="FONT-FAMILY: Tahoma; FONT-SIZE: 10pt">\r\n<DIV><IMG style="MARGIN: 5px" align=center src="http://dantri4.vcmedia.vn/vtfPRccccccccccccodZ/Image/2012/10/olivia-92bfd.jpg" width=306 _fl="" alt="Olivia Manning hiện rất nổi tiếng."></DIV></SPAN></DIV>\r\n<DIV align=center><SPAN style="FONT-FAMILY: Tahoma; FONT-SIZE: 10pt">Olivia Manning hiện rất nổi tiếng.</SPAN></DIV>\r\n<P>Cô bé thừa nhận mình có khả năng tiếp thu và trí nhớ tốt. Cô nói mình có thể học và nhớ hết vở kịch Macbeth chỉ trong vòng 24 giờ. Tuy nhiên Olivia đã ngạc nhiên đến mức "không nói lên lời” khi nhận được kết quả chỉ số IQ của mình.</P>\r\n<P>Dù vậy, hội viên mới nhất của Mensa này vẫn còn rất nhiều bài tập ở trường.</P>\r\n<P>Stacey Meighen, giáo viên và người quản lý câu lạc bộ ở trường, đùa rằng: "Chúng tôi đã tăng lượng bài tập cho Olivia lên và muốn biết tại sao cô bé lại không đạt được điểm A ở tất cả các môn."</P>\r\n<P>Kay Askew, hiệu trưởng của Oliva cho biết: "Thành công của câu lạc bộ Mensa đang được thể hiện rõ nét, nó cho thấy học sinh có tài chắc chắn sẽ nổi trội và trở thành những người xuất sắc nhất thế giới nếu được hỗ trợ đúng cách."</P>\r\n<P>Một thành viên trẻ tuổi khác của Mensa là cô bé 12 tuổi Lauren Gannon cũng ở Liverpool. Lauren có chỉ số IQ 151, nằm trong số 2% những người thông minh nhất thế giới.</P>\r\n<DIV align=right><B>Ngô Vân</B></DIV>\r\n<DIV align=right>Theo <I>Daily Mail</I></DIV><input type="hidden" value="/c25s25/giaoduc-khuyenhoc/trang-1.htm" id="hidNextUsing"/></div>\r\n \r\n <div itemscope itemtype="http://schema.org/webpage" style="display: none !important;">\r\n <span itemprop="name">Nữ sinh 12 tuổi có IQ cao hơn cả… Einstein</span>\r\n <img id="ctl00_IDContent_ctl00_imgAvatar_2" itemprop="image" src="http://dantri21.vcmedia.vn/zoom/70_70/vtfPRccccccccccccodZ/Image/2012/10/oli-92bfd.jpg" alt="Nữ sinh 12 tuổi có IQ cao hơn cả… Einstein" style="border-width:0px;" />\r\n <div id="static_rating" itemprop="aggregateRating" itemscope itemtype="http://schema.org/AggregateRating">\r\n  <span itemprop="ratingValue">7</span>\r\n  <span itemprop="bestRating">10</span>\r\n  <span itemprop="ratingCount">1</span>\r\n </div>\r\n </div>\r\n <div class="hrecipe" style="position: fixed; bottom: -1000px; left: -1000px;">\r\n <span class="item">\r\n  <span class="item">\r\n  <span class="fn">\r\n   Nữ sinh 12 tuổi có IQ cao hơn cả… Einstein</span>\r\n  </span>\r\n  <img id="ctl00_IDContent_ctl00_imgAvatar_3" class="photo" src="http://dantri21.vcmedia.vn/zoom/70_70/vtfPRccccccccccccodZ/Image/2012/10/oli-92bfd.jpg" alt="Nữ sinh 12 tuổi có IQ cao hơn cả… Einstein" style="border-width:0px;" />\r\n  <span class="review hreview-aggregate">\r\n  <span class="rating">\r\n   <span class="best">10</span>\r\n   <span class="average">7</span> \r\n   <span class="count"> 1</span>\r\n  </span> \r\n  </span>\r\n </span>\r\n </div>\r\n \r\n <div style="text-align:center; padding-top:5px" id="div_tamlongnhanai"></div>\r\n <div style="text-align:center; padding-top:5px"><script type="text/javascript" src="http://admicro1.vcmedia.vn/ads_codes/ads_box_230.ads"></script></div>\r\n <div class="emailprint">\r\n <ul>\r\n  <li><a href="javascript:;" onclick="share_facebook();" style="margin-right: 2px" rel="nofollow"><img src="http://dantri3.vcmedia.vn/App_Themes/Default/Images/facebook1.gif" alt="Share on Facebook" border="0" style="height:', '', '2012-10-05 03:08:29', '0000-00-00 00:00:00', 'Chưa duyệt', 0),
(16, ' 20 tuổi lập nghiệp: Sớm hay muộn? ', ' Rút ngắn thời gian học tập THPT để giảm bớt thời gian học lý thuyết, giúp giới trẻ có thể trưởng thành sớm hơn, các em khi ra đời có thể học tiếp… là những vấn đề đang được dư luận xã hội quan tâm trong thời gian gần đây. ', '<div class="fon34 mt3 mr2 fon43"><P>Mặc dù với tâm lý “chuộng” bằng cấp tại Việt Nam hiện nay, không ít sĩ tử và các bậc phụ huynh&nbsp;đặt ra mục tiêu phải vào bằng&nbsp;được đại học nhưng cũng có nhiều gia đình vẫn mong muốn con em mình được đi làm sớm để không lãng phí tiền bạc, thời gian, công sức của gia đình và chính bản thân các em.</P>\r\n<P>Hiểu được mong muốn này, <A href="http://www.poly.edu.vn/">FPT Polytechnic</A>&nbsp;- Hệ cao đẳng thực hành thuộc Trường đại học FPT triển khai mô hình đào tạo “<SPAN style="FONT-WEIGHT: bold">Thực học - Thực nghiệp</SPAN>” phù hợp với lực học của phần đông các sĩ tử có học lực trung bình ở bậc phổ thông. Với một chương trình học thiên về thực hành và thời gian học được rút ngắn xuống 2 năm, FPT Polytechnic là một môi trường học tập thú vị cho mỗi sinh viên, giúp sinh viên đẩy nhanh quá trình học tập để có thể lập nghiệp ở tuổi 20.</P>\r\n<P><SPAN style="FONT-WEIGHT: bold">Phương pháp học thực hành giúp sinh viên hứng thú hơn với việc học</SPAN></P>\r\n<P>Hiện nay, một số nước tiên tiến đã gần như xem 3 năm học THPT là dự bị đại học, các em học sinh đã được hướng nghiệp ngay từ lớp 10. Do đó, có thể xem 3 năm học THPT là 3 năm tích lũy lý thuyết, quá trình học tiếp theo sẽ bổ sung cho các em những kỹ năng cần thiết cho công việc sau này. Nắm bắt được điều này, FPT Polytechnic coi 2 năm học tại trường là 2 năm thực hành của sinh viên để chuẩn bị thật tốt cho công việc sau khi ra trường.</P>\r\n<P>FPT Polytechnic sử dụng phương pháp đào tạo qua dự án (project based training), 80% thời gian học là thực hành, sinh viên sẽ đóng vai trò như người đi làm, còn thầy cô là người định hướng và giải đáp thắc mắc, trợ giúp cho các em hoàn thành tốt dự án được giao từ đầu mỗi học kỳ.</P>\r\n<P>Ngoài giờ học trên lớp, các em cũng cần phát huy tinh thần tự học bằng cách nghiên cứu thêm tài liệu trên thư viện, thư viện điện tử của trường hay tự mình khám phá những điều thực tế bên ngoài để đáp ứng yêu cầu học tập. Nhờ đó mà mỗi sinh viên sẽ phát hiện và phát huy thêm được những ưu điểm của mình. Việc học nhờ đó mà thêm nhiều hứng thú.</P>\r\n<DIV align=center><SPAN style="FONT-FAMILY: Tahoma; FONT-SIZE: 10pt">\r\n<DIV><IMG style="MARGIN: 5px" alt="Sinh viên FPT Polytechnic trong một giờ thực hành." align=center src="http://dantri4.vcmedia.vn/vtfPRccccccccccccodZ/Image/2012/10/po2-ad7ad.jpg" width=450 _fl=""></DIV></SPAN></DIV>\r\n<DIV align=center><SPAN style="FONT-FAMILY: Tahoma; FONT-SIZE: 10pt">Sinh viên FPT Polytechnic trong một giờ thực hành.</SPAN></DIV>\r\n<P>Sinh viên Huỳnh Mạnh Hùng chia sẻ: “Điều khiến em thích nhất ở FPT Polytechnic là những giờ học thực hành. Các giờ học này khiến chúng em không buồn chán mà trái lại rất thú vị. Mỗi tiết học lý thuyết, chúng em luôn tập trung nghe giảng để giờ thực hành có thể áp dụng luôn kiến thức vừa học. Sau giờ học trên lớp, chúng em lại sử dụng những lý thuyết vừa học, kỹ năng vừa thực hành để cùng nhau họp nhóm làm bài tập dự án. Điều gì còn chưa hiểu, em lại viết email hỏi thầy cô, bạn bè. Em cũng như nhiều bạn khác, đều tự tin với phương pháp học thực hành hiện đại này”.</P>\r\n<P><SPAN style="FONT-WEIGHT: bold">Thời gian học tập ngắn, ra trường sớm sẽ là một lợi thế cho sinh viên</SPAN></P>\r\n<P>Thời gian học tập tại <A href="http://www.poly.edu.vn/">FPT Polytechnic</A> chỉ gói gọn trong vòng 2 năm, ngắn hơn khoảng 1năm so với các trường cao đẳng khác. Vì thời gian học ngắn, quá trình học lại diễn ra liên tục trong 6 kỳ liên tiếp không có nghỉ hè, mỗi sinh viên phải tập trung tích lũy kiến thức và kỹ năng tối đa trong mỗi giờ học và giờ thực hành. </P>\r\n<P>Với thời gian học tập này, độ tuổi trung bình của sinh viên khi tốt nghiệp <A href="http://www.poly.edu.vn/">FPT Polytechnic</A> là khoảng 20 tuổi. Đây là một lợi thế dành cho sinh viên FPT Polytechnic. Mặt khác, sinh viên ra trường sớm và sẽ tích lũy nhiều hơn những trải nghiệm với môi trường thực tế. </P>\r\n<P>Kết thúc 2 năm đào tạo ở <A href="http://www.poly.edu.vn/">FPT Polytechnic</A>, sinh viên có thể nhanh chóng hòa nhập vào xã hội, cọ xát với thực tế bên ngoài. Những khó khăn, vấp ngã đầu đời không chỉ là những bài học mà không có bất cứ trường học nào đào tạo, mà còn giúp các em tích lũy một kho tàng kiến thức và kinh nghiệm phong phú. So với những sinh viên ra trường muộn, các em sẽ sớm trưởng thành và tự tin hơn với bản thân mình. Đây chính là một trong những mục tiêu của FPT Polytechnic trong việc đào tạo sinh viên.</P>\r\n<DIV align=center><SPAN style="FONT-FAMILY: Tahoma; FONT-SIZE: 10pt">\r\n<DIV><IMG style="MARGIN: 5px" alt="Thời gian học tập được rút ngắn là một lợi thế cho sinh viên FPT Polytechnic." align=center src="http://dantri4.vcmedia.vn/vtfPRccccccccccccodZ/Image/2012/10/po1-ad7ad.jpg" width=450 _fl=""></DIV></SPAN></DIV>\r\n<DIV align=center><SPAN style="FONT-FAMILY: Tahoma; FONT-SIZE: 10pt">Thời gian học tập được rút ngắn là một lợi thế cho sinh viên FPT Polytechnic.</SPAN></DIV>\r\n<P>Hiện <A href="http://www.poly.edu.vn/tuyen-sinh/thong-bao-tuyen-sinh-cao-dang-khoa-9-1.html">FPT Polytechnic</A> đang tuyển sinh khóa 9.1 trên toàn quốc với các chuyên ngành: Thiết kế web, Ứng dụng phần mềm, Kế toán doanh nghiệp, QTDN&nbsp;- Nhân sự và Văn phòng, QTDN - Marketing và Bán hàng. Hạn nộp hồ sơ: 30/10/2012.</P>\r\n<DIV>Để giúp độc giả trao đổi thêm với các đại diện của <A href="http://www.poly.edu.vn/">FPT Polytechnic</A> về các vấn đề lập nghiệp và tìm hiểu thông tin tuyển sinh của FPT Polytechnic trong đợt tuyển sinh này, FPT Polytechnic phối hợp cùng báo điện tử <SPAN style="FONT-STYLE: italic">Dân trí</SPAN> tổ chức buổi tư vấn vào 14h ngày 9/10/2012 với chủ đề “<SPAN style="FONT-WEIGHT: bold">20 tuổi lập nghiệp - Sớm hay muộn?</SPAN>”.</DIV>\r\n<DIV>&nbsp;</DIV>\r\n<DIV><SPAN style="COLOR: #800000; FONT-SIZE: 18pt">Độc giả quan tâm có thể gửi câu hỏi tham gia <A href="http://giaoluu.dantri.com.vn/Public/64/dang-ky-phong-van.html"><SPAN style="FONT-STYLE: italic; FONT-WEIGHT: bold">tại đây</SPAN>.</A></SPAN></DIV>\r\n<P><SPAN style="FONT-STYLE: italic; FONT-WEIGHT: bold">Thông tin khách mời</SPAN><SPAN style="FONT-STYLE: italic"></SPAN></P>\r\n<P><SPAN style="FONT-WEIGHT: bold">TS Đàm Quang Minh - Giám đốc FPT Polytechnic Việt Nam</SPAN>. Bảo vệ Tiến sĩ tại CHLB Đức, khi về nước, ông từng công tác tại vị trí Trợ lý TGĐ FPT và Giám đốc chương trình hợp tác quốc tế giữa ĐH FPT và Đại học Greenwich (Anh) và hơn 5 năm kinh nghiệm làm việc tại khối giáo dục FPT. Ông cũng có nhiều ý kiến đóng góp, phản biện về các vấn đề giáo dục và xã hội trên các tạp chí của Việt Nam.</P>\r\n<DIV align=center><SPAN style="FONT-FAMILY: Tahoma; FONT-SIZE: 10pt">\r\n<DIV><IMG style="MARGIN: 5px" alt="&nbsp;TS Đàm Quang Minh - Giám đốc FPT Polytechnic Việt Nam." align=center src="http://dantri4.vcmedia.vn/vtfPRccccccccccccodZ/Image/2012/10/poanh-Minh1-ad7ad.jpg" width=329 _fl=""></DIV></SPAN></DIV>\r\n<DIV align=center><SPAN style="FONT-FAMILY: Tahoma; FONT-SIZE: 10pt">&nbsp;TS Đàm Quang Minh - Giám đốc FPT Polytechnic Việt Nam.</SPAN></DIV>\r\n<DIV>&nbsp;</DIV>\r\n<DIV>Bà <SPAN style="FONT-WEIGHT: bold">Lê Thị Hồng Hạnh - Giám đốc FPT Polytechnic TPHCM. </SPAN>Tốt nghiệp Đại học Kinh tế Quốc dân Hà Nội, bà hiện là Giám đốc FPT Polytechnic Hồ Chí Minh, Giám đốc chương trình liên kết quốc tế của Đại học FPT và Đại học Greenwich (Anh), có 6 năm kinh nghiệm làm việc tại khối giáo dục FPT với nhiều đóng góp nhiệt huyết trong hệ thống.</DIV>\r\n<DIV>&nbsp;</DIV>\r\n<DIV align=center><SPAN style="FONT-FAMILY: Tahoma; FONT-SIZE: 10pt">\r\n<DIV><IMG style="MARGIN: 5px" alt=Bà align=center src="http://dantri4.vcmedia.vn/vtfPRccccccccccccodZ/Image/2012/10/po3-ad7ad.jpg" width=300 _fl=""></DIV></SPAN></DIV>\r\n<DIV align=center><SPAN style="FONT-FAMILY: Tahoma; FONT-SIZE: 10pt">Bà Lê Thị Hồng Hạnh - Giám đốc FPT Polytechnic TPHCM. </SPAN></DIV>\r\n<DIV align=center><SPAN style="FONT-FAMILY: Tahoma; FONT-SIZE: 10pt"></SPAN>&nbsp;</DIV>\r\n<DIV align=left><SPAN style="FONT-FAMILY: Times New Roman; FONT-SIZE: 14pt"><SPAN style="FONT-SIZE: 14pt">Độc giả quan tâm có thể gửi câu hỏi tham gia </SPAN><A href="http://giaoluu.dantri.com.vn/Public/64/dang-ky-phong-van.html"><SPAN style="FONT-SIZE: 14pt"><SPAN style="FONT-STYLE: italic; FONT-WEIGHT: bold">tại đây</SPAN>.</SPAN></A></SPAN></DIV><input type="hidden" value="/c25s25/giaoduc-khuyenhoc/trang-1.htm" id="hidNextUsing"/></div>\r\n \r\n <div itemscope itemtype="http://schema.org/webpage" style="display: none !important;">\r\n <span itemprop="name">20 tuổi lập nghiệp: Sớm hay muộn?</span>\r\n <img id="ctl00_IDContent_ctl00_imgAvatar_2" itemprop="image" src="http://dantri21.vcmedia.vn/zoom/70_70/vtfPRccccccccccccodZ/Image/2012/10/po2-ad7ad.jpg" alt="20 tuổi lập nghiệp: Sớm hay muộn?" style="border-width:0px;" />\r\n <div id="static_rating" itemprop="aggregateRating" itemscope itemtype="http://schema.org/AggregateRating">\r\n  <span itemprop="ratingValue">7</span>\r\n  <span itemprop="bestRating">10</span>\r\n  <span itemprop="ratingCount">155</span>\r\n </div>\r\n </div>\r\n <div class="hrecipe" style="position: fixed; bottom: -1000px; left: -1000px;">\r\n <span class="item">\r\n  <span class="item">\r\n  <span class="fn">\r\n   20 tuổi lập nghiệp: Sớm hay muộn?</span>\r\n  </span>\r\n  <img id="ctl00_IDContent_ctl00_imgAvatar_3" class="photo" src="http://dantri21.vcmedia.vn/zoom/70_70/vtfPRccccccccccccodZ/Image/2012/10/po2-ad7ad.jpg" alt="20 tuổi lập nghiệp: Sớm hay muộn?" style="border-width:0px;" />\r\n  <span class="review hreview-aggregate">\r\n  <span class="rating">\r\n   <span class="best">10</span>\r\n   <span class="average">7</span> \r\n   <span class="count"> 155</span>\r\n  </span> \r\n  </span>\r\n </span>\r\n </div>\r\n \r\n <div style="text-align:center; padding-top:5px" id="div_tamlongnhanai"></div>\r\n <div style="text-align:center; padding-top:5px"><script type="text/javascript" src="http://admicro1.vcmedia.vn/ads_codes/ads_box_230.ads"></script></div>\r\n <div class="emailprint">\r\n <ul>\r\n  <li><a href="javascript:;" onclick="share_facebook();" style="margin-right: 2px" rel="nofollow"><img src="http://dantri3.vcmedia.vn/App_Themes/Def', '', '2012-10-05 03:08:29', '0000-00-00 00:00:00', 'Chưa duyệt', 0);
INSERT INTO `unc_news` (`news_id`, `news_title`, `news_summary`, `news_content`, `news_author`, `news_post_date`, `news_modified_date`, `news_status`, `category_id`) VALUES
(17, ' Cụ ông 70 tuổi vẫn phải bổ củi cứu vợ ', ' <a href = "http://dantri.com.vn/c167/s167-647859/cu-ong-70-tuoi-van-phai-bo-cui-cuu-vo.htm" ><img border="0" src="http://dantri21.vcmedia.vn/zoom/130_100/x9pGccccccccccccDacc/Image/2012/10/h2-da5e9.jpg" /></a>(Dân trí) - Ông Săng năm nay đã 70 tuổi vẫn phải gắng sức đi chẻ củi thuê kiếm tiền cho vợ chạy thận. Còn bà Liên bước sang tuổi 63 hàng ngày vẫn phải đạp xe hơn 30 km, bán từng tờ vé kiếm tiền cho người chị ruột chạy thận kéo dài sự sống. ', '<div class="fon34 mt3 mr2 fon43"><P style="TEXT-ALIGN: justify" class=MsoNormal><SPAN style="FONT-SIZE: 13pt">Ông là Nguyễn Văn Săng (70 tuổi) ở ấp Mỹ Phú, xã Mỹ Long, huyện Cai Lậy, tỉnh Tiền Giang. Ông Săng từng là y tá cứu thương của tiểu đoàn D269, Quân khu 9. Trong chiến tranh chuyện đối mặt với cái chết như chuyện ăn cơm hàng ngày, ông không hề lo sợ. Nhưng giờ đây, với tuổi già sức yếu, chứng kiến cảnh đau đớn của người bạn đời bị căn bệnh suy thận giai đoạn cuối hành hà, ông Săng chỉ biết nuốt nước mắt vào trong, chờ một phép màu giải cứu.</SPAN></P>\r\n<P style="TEXT-ALIGN: justify" class=MsoNormal><SPAN style="FONT-SIZE: 13pt">Ông Săng kể, năm 2007 vợ ông là cô Lê Thị Phấn (1951) phát hiện trong người mang hai chứng bệnh ngặt nghèo là bệnh đái tháo đường type II, suy thận mãn giai đoạn cuối, … Nghe hung tin, lúc đó ông Săng như quỵ ngã, nhưng giai đoạn khó khăn nhất là cuối 2011, thẻ BHYT của cô Phấn hết hạn, thuốc uống bị gián đoạn, bệnh tình trở nặng. Trước tình thế nguy kịch, cụ Săng vay bà con 20 triệu đồng đưa vợ lên bệnh viện Chợ Rẫy điều trị được một thời gian thì hết tiền nên xin chuyển về BV Đa khoa Tiền Giang rồi bệnh viện K120 Tiền Giang điều trị cho đến nay.</SPAN></P>\r\n<P style="TEXT-ALIGN: justify" class=MsoNormal><SPAN style="FONT-SIZE: 13pt">\r\n<DIV>\r\n<DIV align=center>\r\n<DIV align=center><IMG style="MARGIN: 5px" alt="70 tuổi vẫn phải bổ củi cứu vợ" align=middle src="http://dantri4.vcmedia.vn/x9pGccccccccccccDacc/Image/2012/10/h2-da5e9.jpg" width=448 _fl=""><BR></DIV>\r\n<DIV align=center><SPAN style="FONT-FAMILY: Tahoma; FONT-SIZE: 10pt">Ở cái tuổi như ông Săng người ta đã nghỉ ngơi nhưng trước bệnh tình của vợ, ông phải gắng gượng chẻ củi kiếm tiền thang thuốc cho bà Phấn</SPAN></DIV></DIV><BR></DIV></SPAN><SPAN style="FONT-SIZE: 13pt"><BR></SPAN>\r\n<P></P>\r\n<P style="TEXT-ALIGN: justify" class=MsoNormal><SPAN style="FONT-SIZE: 13pt">Hiện tại, mấy ngày qua bàn chân trái của cô bị nhiễm trùng, có thể phải tháo khớp. Song song với nỗi lo này là việc mỗi tuần cụ Săng kiếm 600.000 đồng để đưa bà Phấn đi chạy thận. Được biết, mỗi tuần bà Phấn phải chạy thận 3 lần/ tuần, mỗi lần chạy thận phải đóng viện phí 200 ngàn đồng. Tiền chạy thận cho bà mỗi tháng phải hơn 2 triệu đồng, trong khi nguồn sống của gia đình phụ thuộc vào số tiền lương thương binh ¾ của cụ Săng là 1.350.000 đồng/tháng, dù cụ Săng cố gắng tiết kiệm mọi thứ nhưng vẫn không đủ chi tiêu.</SPAN></P>\r\n<P style="TEXT-ALIGN: justify" class=MsoNormal><SPAN style="FONT-SIZE: 13pt">Cụ Săng bày tỏ: “Trong chiến tranh, tôi đã từng cứu bao nhiêu người, trước cái chết và sự sống tôi không hề lo sợ, chỉ lo cứu người. Nhưng giờ đây, đối diện với căn bệnh hiểm nghèo của vợ, tôi lại bất lực. Nhìn thấy<SPAN style="mso-spacerun: yes">&nbsp; </SPAN>cảnh vợ bị đau đớn vì bệnh tật hành hạ, tôi chịu không nổi, nhưng vì cảnh nhà quá nghèo, đành nhắm mắt mà chịu thôi chú ơi!” <BR></SPAN></P>\r\n<P style="TEXT-ALIGN: justify" class=MsoNormal><SPAN style="FONT-SIZE: 13pt">\r\n<DIV><BR>\r\n<DIV align=center><SPAN style="FONT-SIZE: 13pt"><IMG style="MARGIN: 5px" alt="70 tuổi vẫn phải bổ củi cứu vợ" align=middle src="http://dantri4.vcmedia.vn/x9pGccccccccccccDacc/Image/2012/10/h1-da5e9.jpg" width=448 _fl=""></SPAN><BR><SPAN style="FONT-FAMILY: Tahoma; FONT-SIZE: 10pt">Do không có tiền chạy thận đều đặn và cuộc sống kham khổ nên sức khỏe của bà Phấn mỗi ngày một yếu hơn</SPAN><BR></DIV></DIV></SPAN><SPAN style="FONT-SIZE: 13pt"><BR></SPAN>\r\n<P></P>\r\n<P style="TEXT-ALIGN: justify" class=MsoNormal><SPAN style="FONT-SIZE: 13pt">Thương vợ, chú Săng phải đi làm thuê, giữ vịt mướn cho người ta ở tận Đồng Tháp để có tiền gởi về cho vợ chạy thận. Nhưng thời gian gần đây, do tuổi cao sức yếu và vết thương ở cánh tay của cụ Săng trong trận đánh Mậu Thân 1968 ở Sài Gòn, đau nhức trở lại nên chủ trại vịt không mướn cụ Săng làm nữa. </SPAN></P>\r\n<DIV style="TEXT-ALIGN: justify" class=MsoNormal><SPAN style="FONT-SIZE: 13pt">Ông Nguyễn Văn Mừng – Phó chủ tịch xã Mỹ Phú chia sẻ: “Gia đình chú Săng thuộc diện chính sách, chính quyền xã cũng quan tâm giúp đỡ nhưng vì vợ chú bị bệnh ngặt nghèo, phải điều trị lâu dài, điều này vượt ngoài khả năng của xã. Nên chính quyền xã cũng tha thiết kêu gọi các nhà hảo tâm, những người có tấm lòng nhân ái cùng chung tay góp sức sẻ chia cùng gia đình chú Săng để vợ chú là cô Phấn vượt qua bệnh tật!” </SPAN></DIV>\r\n<DIV style="TEXT-ALIGN: justify" class=MsoNormal><SPAN style="FONT-SIZE: 13pt"></SPAN>&nbsp;</DIV>\r\n<DIV style="TEXT-ALIGN: justify" class=MsoNormal><SPAN style="FONT-SIZE: 13pt">\r\n<DIV align=center>\r\n<TABLE border=1 cellSpacing=0 cellPadding=0 width="90%">\r\n<TBODY>\r\n<TR>\r\n<TD>\r\n<P align=center><SPAN style="FONT-WEIGHT: bold">Mọi đóng góp hảo tâm xin gửi về:</SPAN></P>\r\n<P><SPAN style="FONT-WEIGHT: bold">1.</SPAN> <SPAN style="FONT-WEIGHT: bold">Mã số 754</SPAN>: Ông <SPAN style="FONT-WEIGHT: bold">Nguyễn Văn Săng,</SPAN> ấp Mỹ Phú, Huyện Cai Lậy, tỉnh Tiền Giang. </P>\r\n<P>ĐT: 01673.949.801.</P>\r\n<P><SPAN style="FONT-WEIGHT: bold">2. Quỹ Nhân ái - Báo Khuyến học &amp; Dân trí - Báo điện tử Dân trí. </SPAN></P>\r\n<P>Ngõ 2 nhà số 48 Giảng Võ, Đống Đa, Hà Nội (Cạnh cây xăng Kim Mã)</P>\r\n<P>Tel: 04. 3. 7366.491/ Fax: 04. 3. 7366.490 </P>\r\n<P>Email: <A href="mailto:quynhanai@dantri.com.vn">quynhanai@dantri.com.vn</A> </P>\r\n<P><SPAN style="FONT-STYLE: italic; FONT-WEIGHT: bold; TEXT-DECORATION: underline">Bạn đọc ủng hộ qua các tài khoản sau:</SPAN></P>\r\n<P><SPAN style="FONT-STYLE: italic; FONT-WEIGHT: bold">* Tài khoản VNĐ tại VietComBank: <BR></SPAN>Tên TK: <SPAN style="FONT-WEIGHT: bold">Báo Khuyến học &amp; Dân trí <BR></SPAN>Số TK: 045 100 194 4487 <BR>Tại: Ngân Hàng TMCP Ngoại thương Việt Nam - Chi nhánh Thành Công - Hà Nội.</P>\r\n<P><SPAN style="FONT-STYLE: italic; FONT-WEIGHT: bold">* Tài khoản USD tại VietComBank: <BR></SPAN>Account Name: <SPAN style="FONT-WEIGHT: bold">Bao Khuyen hoc &amp; Dan tri</SPAN></P>\r\n<P>Account Number: 045 137 195 6482</P>\r\n<P>Swift Code: BFTVVNVX</P>\r\n<P>Bank Name: THE BANK FOR FOREIGN TRADE OF VIETNAM (VietComBank)</P>\r\n<P><SPAN style="FONT-STYLE: italic; FONT-WEIGHT: bold">* Tài khoản VNĐ tại VietinBank: <BR></SPAN>Tên TK: <SPAN style="FONT-WEIGHT: bold">Báo Khuyến học &amp; Dân trí <BR></SPAN>Số TK: 10 201 0000 220 639 <BR>Tại: Ngân hàng Thương mại Cổ phần Công Thương Việt Nam - Chi nhánh Hoàn Kiếm</P>\r\n<P>&nbsp;<SPAN style="FONT-WEIGHT: bold">* Tài khoản VNĐ tại Ngân hàng Quân đội (MB)</SPAN></P>\r\n<P>Tên TK: <SPAN style="FONT-WEIGHT: bold">Báo Khuyến học &amp; Dân trí <BR></SPAN>Số TK: 0721100356359</P>\r\n<P>Tại Ngân hàng TMCP Quân đội – Chi nhánh Thái Thịnh - Hà Nội</P>\r\n<P><SPAN style="FONT-WEIGHT: bold">* Tài khoản&nbsp;USD tại Ngân hàng Quân đội (MB)</SPAN></P>\r\n<P>Tên TK: <SPAN style="FONT-WEIGHT: bold">Báo Khuyến học &amp; Dân trí <BR></SPAN>Số TK: 0721100357002</P>\r\n<P>Swift Code: MSCBVNVX</P>\r\n<P>Bank Name: MILITARY COMMERCIAL JOINT STOCK BANK -&nbsp; MCSB ( No.3, Lieu Giai str., Ba Dinh Dist., Hanoi, Vietnam)</P>\r\n<P><SPAN style="FONT-WEIGHT: bold">3. Văn phòng đại diện của báo: </SPAN></P>\r\n<P>&nbsp;VP Hà Tĩnh: 46 Nguyễn Công Trứ, Phường Tân Giang, TP Hà Tĩnh. Tel: 039.3.857.122 </P>\r\n<P>VP Đà Nẵng: 25 Nguyễn Tri Phương, Quận Thanh Khê, TP Đà Nẵng. Tel: 0511.3653.725 </P>\r\n<P>VP HCM: số 39L đường 11 (Miếu Nổi), phường 3, quận Bình Thạnh, TP.HCM. Tel: 0866786885</P>\r\n<P>VP Cần Thơ: 53/13 Lý Tự Trọng, Q Ninh Kiều, TP Cần Thơ. Tel: 0710.3.733.269&nbsp;</P></TD></TR></TBODY></TABLE></DIV></SPAN></DIV>\r\n<P style="TEXT-ALIGN: right" align=right><SPAN style="FONT-WEIGHT: bold">Ngô Nguyễn</SPAN></P>\r\n<STYLE>\r\nst1:*{behavior:url(#ieooui) }\r\n</STYLE><input type="hidden" value="/c167s167/tamlongnhanai/trang-1.htm" id="hidNextUsing"/></div>\r\n \r\n <div itemscope itemtype="http://schema.org/webpage" style="display: none !important;">\r\n <span itemprop="name">Cụ ông 70 tuổi vẫn phải bổ củi cứu vợ</span>\r\n <img id="ctl00_IDContent_ctl00_imgAvatar_2" itemprop="image" src="http://dantri21.vcmedia.vn/zoom/70_70/x9pGccccccccccccDacc/Image/2012/10/h2-da5e9.jpg" alt="Cụ ông 70 tuổi vẫn phải bổ củi cứu vợ" style="border-width:0px;" />\r\n <div id="static_rating" itemprop="aggregateRating" itemscope itemtype="http://schema.org/AggregateRating">\r\n  <span itemprop="ratingValue">6</span>\r\n  <span itemprop="bestRating">10</span>\r\n  <span itemprop="ratingCount">1</span>\r\n </div>\r\n </div>\r\n <div class="hrecipe" style="position: fixed; bottom: -1000px; left: -1000px;">\r\n <span class="item">\r\n  <span class="item">\r\n  <span class="fn">\r\n   Cụ ông 70 tuổi vẫn phải bổ củi cứu vợ</span>\r\n  </span>\r\n  <img id="ctl00_IDContent_ctl00_imgAvatar_3" class="photo" src="http://dantri21.vcmedia.vn/zoom/70_70/x9pGccccccccccccDacc/Image/2012/10/h2-da5e9.jpg" alt="Cụ ông 70 tuổi vẫn phải bổ củi cứu vợ" style="border-width:0px;" />\r\n  <span class="review hreview-aggregate">\r\n  <span class="rating">\r\n   <span class="best">10</span>\r\n   <span class="average">6</span> \r\n   <span class="count"> 1</span>\r\n  </span> \r\n  </span>\r\n </span>\r\n </div>\r\n \r\n <div style="text-align:center; padding-top:5px" id="div_tamlongnhanai"></div>\r\n <div style="text-align:center; padding-top:5px"><script type="text/javascript" src="http://admicro1.vcmedia.vn/ads_codes/ads_box_230.ads"></script></div>\r\n <div class="emailprint">\r\n <ul>\r\n  <li><a href="javascript:;" onclick="share_facebook();" style="margin-right: 2px" rel="nofollow"><img src="http://dantri3.vcmedia.vn/App_Themes/Default/Images/facebook1.gif" alt="Share on Facebook" border="0" style="height:20px;padding-top:4px;vertical-align:top;width:20px"/> </a></li>\r\n  <li><a href="javascript:;" onclick="share_twitter();" style="margin-right: 2px" rel="nofollow"><img src="http://dantri3.vcmedia.vn/App_Themes/Default/Images/twitter1.gif" alt="Share on Twitter" border="0" style="height:20px;padding-top:4px;vertical-align:top;width:20px"/></a></li>\r\n  <li><a href="javascript:;" onclick="share_google();" style="margin-right: 2px" rel="nofollow"><img src="http://dantri3.vcmedia.vn/App_Themes/Default/Images/google1.gif" alt="Share on Google" border="0" style="height:20px;padding-top:4px;vertical-align:top;width:20px"/></a></li>\r\n  <li><a href="javascript:;" onclick="share_buzz();" rel="nofollow"><img src="http://dantri3.vcmedia.vn/App_Themes/Default/Images/buzz1.gif" alt="Share on Buzz" border="0" style="height:20px;padding-top:4px;vertical-align:top;width:20px"/></a></li>\r\n  <li><a class="dt-print" href="javascript:;" onclick="return OpenPrint();" rel="nofollow"><span>in</span></a></li>\r\n  <li><a class="dt-respond" href="javascript:;" onclick="ShowHideComment();return false;" rel="nofollow"><span>Xem phản hồi</span></a></li>\r\n  <li><a class="dt-respond" href="javascript:;" onclick="ShowHideSendComment();return false;" rel="nofollow"><span>Gửi phản hồi</span></a></li>\r\n </ul>\r\n </div>\r\n \r\n <div class="neo-dtcontent" id="divComment" style="display: none;">\r\n \r\n <input type="hidden" id="hidSendComment" value="http://comment.dantri.com.vn/default.aspx?newsid=400313"/><input type="hidden" id="hidViewComment" value="http://comment.dantri.com.vn/ListReplyComment.aspx?newsid=400313"/>\r\n <iframe height="670" id="ifViewComment" frameborder="0" width="460" scrolling="no" class="IframeComment"></iframe>\r\n </div>\r\n <div class="neo-dtcontent" id="divSendComment" style="display: none;">\r\n <iframe height="250" id="ifSendComment" frameborder="0" width="460" scrolling="no" class="IframeComment"></iframe>\r\n </div>\r\n <script type="text/javascript" language="javascript">ShowHideSendComment();</script>\r\n</div>\r\n<input type="hidden" value="Cụ &#244;ng 70 tuổi vẫn phải bổ củi cứu vợ" id="hidTitle"/><input type="hidden" value="Tấm l&#242;ng nh&#226;n &#225;i" id="hidCatName"/>\r\n<div id="ctl00_IDContent_ctl00_divEvent"></div></div>\r\n  <div class="clearfix"></div>\r\n  <div id="ctl00_IDContent_divTinMoi">\r\n<div class="box20 mt5 clearfix">\r\n <div class="fon40">Các bài mới</div>\r\n <ul class="ul12 ml2 mt2 mb2">\r\n <li class="new"><a href="/c167/s167-647863/trao-tiep-qua-ban-doc-den-2-chau-song-sinh-khat-sua.htm">Trao tiếp quà bạn đọc đến 2 cháu song sinh khát sữa (5/10)</a> </li>\r\n </ul>\r\n</div></div>\r\n  <div id="ctl00_IDContent_divTinDaDang">\r\n<div class="box21 mt5 clearfix">\r\n <div class="fon39">Các bài đã đăng</div>\r\n <ul class="ul11 ml2 mt2">\r\n <li ><a href="/c167/s167-647810/danh-sach-ban-doc-ung-ho-quy-nhan-ai-tuan-03-thang-092012.htm">Danh sách bạn đọc ủng hộ Quỹ Nhân ái tuần 03 tháng 09/2012 (4/10)</a> </li><li ><a href="/c167/s167-647488/gia-dinh-chi-danh-thi-thanh-sap-co-nha-moi.htm">Gia đình chị Danh Thị Thanh sắp có nhà mới (4/10)</a> </li><li ><a href="/c167/s167-647485/be-cao-thi-quynh-n', '', '2012-10-05 03:08:29', '0000-00-00 00:00:00', 'Chưa duyệt', 0),
(18, ' Trao tiếp quà bạn đọc đến 2 cháu song sinh khát sữa ', ' (Dân trí) – Ngày 28/9, PV Dân trí tại Huế đã đến thăm và trao số tiền 2.800.000 đồng cho gia đình 2 cháu song sinh – nhân vật trong bài viết: “Bố mẹ vỡ kế hoạch khiến 2 con song sinh khát sữa” tại khu tái định cư Hương Sơ, phường Hương Sơ, TP Huế.<br><a href="http://dantri.com.vn/c167/s718-627082/Bo-me-vo-ke-hoach-khien-2-con-song-sinh-khat-sua.htm"><b>&nbsp;>>&nbsp;Bố mẹ vỡ kế hoạch khiến 2 con song sinh khát sữa</b></a> ', '<div class="fon34 mt3 mr2 fon43"><P style="TEXT-ALIGN: center" class=MsoNormal align=center></P>\r\n<P style="TEXT-ALIGN: justify" class=MsoNormal></P>\r\n<P style="TEXT-ALIGN: justify" class=MsoNormal>Nhận số tiền mà bạn đọc giúp đỡ cho gia đình anh chị tuần 3 tháng 8/2012 anh Bình xúc động nói, “gia đình tôi thực sự cảm ơn quý bạn đọc, các nhà hảo tâm và đặc biệt là quý báo rất nhiều, từ ngày báo <SPAN style="FONT-STYLE: italic">Dân trí</SPAN> đăng bài viết về hoàn cảnh của gia đình tôi tới nay chúng tôi đã nhận được rất nhiều quà từ vật chất lẫn tinh thần từ bạn đọc và các nhà hảo tâm trên cả nước. Chúng tôi sẽ cố gắng dùng số tiền mà các nhà hảo tâm giúp đỡ để chăm sóc thật tốt cho 2 cháu song sinh cũng như nuôi dạy các con được ăn học đến nơi đến chốn”.</P>\r\n<P style="TEXT-ALIGN: center" class=MsoNormal></P>\r\n<DIV style="TEXT-ALIGN: center"><IMG style="MARGIN: 5px" align=middle src="http://dantri4.vcmedia.vn/HvrZZiM2C5QLR4u67tfR/Image/2012/19/anh-1-53c33.JPG" width=495 _fl="" alt="Trao tiếp quà bạn đọc đến 2 cháu song sinh khát sữa"></DIV>\r\n<DIV style="TEXT-ALIGN: center"><SPAN style="FONT-FAMILY: Tahoma; FONT-SIZE: 10pt; mso-fareast-font-family: "Times New Roman"; mso-fareast-language: EN-US; mso-ansi-language: EN-US; mso-bidi-language: AR-SA">PV Dân trí tại Huế trao số tiền 2.800.000 đồng của bạn đọc giúp đỡ cho gia đình chị Hoa tuần 3 tháng 8/2012.</SPAN></DIV>\r\n<P></P>\r\n<P style="TEXT-ALIGN: justify" class=MsoNormal>Hiện cuộc sống gia đình anh Bình đã ổn định rất nhiều, các con anh hàng ngày với những bộ quần áo, sách vở sạch sẽ đến trường chứ không phải lo bỏ học như trước. 2 cháu song sinh Hòa 1, Hòa 2 sức khỏe đã ổn định và đang được chăm sóc tại nhà. “Sang tuần này vợ chồng tôi sẽ trích một số tiền mà bạn đọc giúp đỡ để mua gỗ cũng như thuê thợ về làm căn gác cho các cháu có chỗ học, chỗ ngủ” – chị Hòa vui mừng khoe.</P>\r\n<P style="TEXT-ALIGN: center" class=MsoNormal><SPAN style="FONT-WEIGHT: bold"></SPAN></P>\r\n<DIV>\r\n<DIV style="TEXT-ALIGN: center"><IMG style="MARGIN: 5px" align=middle src="http://dantri4.vcmedia.vn/HvrZZiM2C5QLR4u67tfR/Image/2012/19/anh-2-53c33.JPG" width=495 _fl="" alt="Hiện 2 cháu bé Hòa 1, Hòa 2 sức khỏe đã ổn định và đang được chăm sóc tại nhà."><BR></DIV>\r\n<DIV>\r\n<DIV style="TEXT-ALIGN: center"><IMG style="MARGIN: 5px" align=middle src="http://dantri4.vcmedia.vn/HvrZZiM2C5QLR4u67tfR/Image/2012/19/anh-3-53c33.JPG" width=360 _fl="" alt="Hiện 2 cháu bé Hòa 1, Hòa 2 sức khỏe đã ổn định và đang được chăm sóc tại nhà."><SPAN style="FONT-FAMILY: Tahoma; FONT-SIZE: 10pt"></SPAN><BR><SPAN style="FONT-FAMILY: Tahoma; FONT-SIZE: 10pt"></SPAN></DIV>\r\n<DIV style="TEXT-ALIGN: center"><SPAN style="FONT-FAMILY: Tahoma; FONT-SIZE: 10pt"><SPAN style="FONT-WEIGHT: normal">Hiện 2 cháu bé Hòa 1, Hòa 2 sức khỏe đã ổn định và đang được chăm sóc tại nhà.</SPAN></SPAN></DIV></DIV></DIV>\r\n<P></P>\r\n<P style="TEXT-ALIGN: right" class=MsoNormal align=right><SPAN style="FONT-WEIGHT: bold">Ngọc Thụ - Đại Dương</SPAN></P><input type="hidden" value="/c167s167/tamlongnhanai/trang-1.htm" id="hidNextUsing"/></div>\r\n \r\n <div itemscope itemtype="http://schema.org/webpage" style="display: none !important;">\r\n <span itemprop="name">Trao tiếp quà bạn đọc đến 2 cháu song sinh khát sữa</span>\r\n <img id="ctl00_IDContent_ctl00_imgAvatar_2" itemprop="image" src="http://dantri21.vcmedia.vn/zoom/70_70/HvrZZiM2C5QLR4u67tfR/Image/2012/19/anh-1-53c33.JPG" alt="Trao tiếp quà bạn đọc đến 2 cháu song sinh khát sữa" style="border-width:0px;" />\r\n <div id="static_rating" itemprop="aggregateRating" itemscope itemtype="http://schema.org/AggregateRating">\r\n  <span itemprop="ratingValue">5</span>\r\n  <span itemprop="bestRating">10</span>\r\n  <span itemprop="ratingCount">1</span>\r\n </div>\r\n </div>\r\n <div class="hrecipe" style="position: fixed; bottom: -1000px; left: -1000px;">\r\n <span class="item">\r\n  <span class="item">\r\n  <span class="fn">\r\n   Trao tiếp quà bạn đọc đến 2 cháu song sinh khát sữa</span>\r\n  </span>\r\n  <img id="ctl00_IDContent_ctl00_imgAvatar_3" class="photo" src="http://dantri21.vcmedia.vn/zoom/70_70/HvrZZiM2C5QLR4u67tfR/Image/2012/19/anh-1-53c33.JPG" alt="Trao tiếp quà bạn đọc đến 2 cháu song sinh khát sữa" style="border-width:0px;" />\r\n  <span class="review hreview-aggregate">\r\n  <span class="rating">\r\n   <span class="best">10</span>\r\n   <span class="average">5</span> \r\n   <span class="count"> 1</span>\r\n  </span> \r\n  </span>\r\n </span>\r\n </div>\r\n \r\n <div style="text-align:center; padding-top:5px" id="div_tamlongnhanai"></div>\r\n <div style="text-align:center; padding-top:5px"><script type="text/javascript" src="http://admicro1.vcmedia.vn/ads_codes/ads_box_230.ads"></script></div>\r\n <div class="emailprint">\r\n <ul>\r\n  <li><a href="javascript:;" onclick="share_facebook();" style="margin-right: 2px" rel="nofollow"><img src="http://dantri3.vcmedia.vn/App_Themes/Default/Images/facebook1.gif" alt="Share on Facebook" border="0" style="height:20px;padding-top:4px;vertical-align:top;width:20px"/> </a></li>\r\n  <li><a href="javascript:;" onclick="share_twitter();" style="margin-right: 2px" rel="nofollow"><img src="http://dantri3.vcmedia.vn/App_Themes/Default/Images/twitter1.gif" alt="Share on Twitter" border="0" style="height:20px;padding-top:4px;vertical-align:top;width:20px"/></a></li>\r\n  <li><a href="javascript:;" onclick="share_google();" style="margin-right: 2px" rel="nofollow"><img src="http://dantri3.vcmedia.vn/App_Themes/Default/Images/google1.gif" alt="Share on Google" border="0" style="height:20px;padding-top:4px;vertical-align:top;width:20px"/></a></li>\r\n  <li><a href="javascript:;" onclick="share_buzz();" rel="nofollow"><img src="http://dantri3.vcmedia.vn/App_Themes/Default/Images/buzz1.gif" alt="Share on Buzz" border="0" style="height:20px;padding-top:4px;vertical-align:top;width:20px"/></a></li>\r\n  <li><a class="dt-print" href="javascript:;" onclick="return OpenPrint();" rel="nofollow"><span>in</span></a></li>\r\n  <li><a class="dt-respond" href="javascript:;" onclick="ShowHideComment();return false;" rel="nofollow"><span>Xem phản hồi</span></a></li>\r\n  <li><a class="dt-respond" href="javascript:;" onclick="ShowHideSendComment();return false;" rel="nofollow"><span>Gửi phản hồi</span></a></li>\r\n </ul>\r\n </div>\r\n \r\n <div class="neo-dtcontent" id="divComment" style="display: none;">\r\n \r\n <input type="hidden" id="hidSendComment" value="http://comment.dantri.com.vn/default.aspx?newsid=400315"/><input type="hidden" id="hidViewComment" value="http://comment.dantri.com.vn/ListReplyComment.aspx?newsid=400315"/>\r\n <iframe height="670" id="ifViewComment" frameborder="0" width="460" scrolling="no" class="IframeComment"></iframe>\r\n </div>\r\n <div class="neo-dtcontent" id="divSendComment" style="display: none;">\r\n <iframe height="250" id="ifSendComment" frameborder="0" width="460" scrolling="no" class="IframeComment"></iframe>\r\n </div>\r\n <script type="text/javascript" language="javascript">ShowHideSendComment();</script>\r\n</div>\r\n<input type="hidden" value="Trao tiếp qu&#224; bạn đọc đến 2 ch&#225;u song sinh kh&#225;t sữa" id="hidTitle"/><input type="hidden" value="Tấm l&#242;ng nh&#226;n &#225;i" id="hidCatName"/>\r\n<div id="ctl00_IDContent_ctl00_divEvent"></div></div>\r\n  <div class="clearfix"></div>\r\n  <div i', '', '2012-10-05 03:08:29', '0000-00-00 00:00:00', 'Chưa duyệt', 0),
(19, 'fsdfsdf', '<p>&nbsp;aeasdf</p>', '<p>&nbsp;sfsdfsdf</p>', '', '2012-10-05 06:26:54', '0000-00-00 00:00:00', 'Chưa duyệt', 0),
(20, 'manh', '<p>manh&nbsp;</p>', '<p>&nbsp;manh</p>', '', '2012-10-05 06:35:35', '0000-00-00 00:00:00', 'Chưa duyệt', 0),
(21, 'abcdef', '<p>&nbsp;abcdef</p>', '<p>&nbsp;abcdef</p>', '', '2012-10-15 11:03:13', '0000-00-00 00:00:00', 'Chưa duyệt', 2),
(22, 'xyz', '<p>&nbsp;xyz</p>', '<p>&nbsp;zyx</p>', '3', '2012-10-15 11:08:28', '2012-10-15 11:08:47', 'Chưa duyệt', 2);

-- --------------------------------------------------------

--
-- Table structure for table `unc_user`
--

CREATE TABLE IF NOT EXISTS `unc_user` (
  `user_id` int(5) NOT NULL AUTO_INCREMENT,
  `user_login` varchar(60) NOT NULL DEFAULT '',
  `user_pass` varchar(64) NOT NULL DEFAULT '',
  `user_fullname` varchar(100) NOT NULL DEFAULT '',
  `user_email` varchar(100) NOT NULL DEFAULT '',
  `user_address` varchar(200) NOT NULL DEFAULT '',
  `is_active` tinyint(1) NOT NULL DEFAULT '1',
  `role_id` int(2) NOT NULL DEFAULT '1',
  PRIMARY KEY (`user_id`),
  KEY `user_login_key` (`user_login`)
) ENGINE=InnoDB  DEFAULT CHARSET=utf8 AUTO_INCREMENT=8 ;

--
-- Dumping data for table `unc_user`
--

INSERT INTO `unc_user` (`user_id`, `user_login`, `user_pass`, `user_fullname`, `user_email`, `user_address`, `is_active`, `role_id`) VALUES
(1, 'admin', 'khongcopass', 'Nguyễn Tiến Mạnh', 'manhnt@niw.com.vn', 'Hà Nội', 1, 0),
(3, 'manh', 'manh', 'sd', '', '', 1, 1),
(7, 'pv1', 'pv1', '', '', '', 1, 2);

/*!40101 SET CHARACTER_SET_CLIENT=@OLD_CHARACTER_SET_CLIENT */;
/*!40101 SET CHARACTER_SET_RESULTS=@OLD_CHARACTER_SET_RESULTS */;
/*!40101 SET COLLATION_CONNECTION=@OLD_COLLATION_CONNECTION */;
